date,SOFR,TEDRATE,RRPONTTLD,WTREGEN,WALCL,FEDFUNDS,DFF,T10Y2Y,DTWEXBGS,M2SL,SOFR_Spread,Net_Liquidity,M2_YoY,WALCL_YoY
2024-04-01,,,,,,5.3300,,,,20958.8000,,,,
2024-04-22,5.3100,,409.8160,,,,5.3300,-0.3500,123.0609,,,,,
2024-04-23,5.3100,,435.8800,,,,5.3300,-0.2500,122.7227,,,,,
2024-04-24,5.3100,,441.2150,941430.0000,7402434.0000,,5.3300,-0.2400,122.8900,,,6460562.7850,,
2024-04-25,5.3100,,443.9280,941430.0000,7402434.0000,,5.3300,-0.2600,122.8384,,,6460562.7850,,
2024-04-26,5.3200,,464.9120,941430.0000,7402434.0000,,5.3300,-0.2900,122.9471,,,6460562.7850,,
2024-04-27,5.3200,,464.9120,941430.0000,7402434.0000,,5.3300,-0.2900,122.9471,,,6460562.7850,,
2024-04-28,5.3200,,464.9120,941430.0000,7402434.0000,,5.3300,-0.2900,122.9471,,,6460562.7850,,
2024-04-29,5.3200,,505.5300,941430.0000,7402434.0000,,5.3300,-0.3400,122.5449,,,6460562.7850,,
2024-04-30,5.3400,,534.2340,941430.0000,7402434.0000,,5.3300,-0.3500,122.9853,,,6460562.7850,,
2024-05-01,5.3200,,438.1480,917177.0000,7362474.0000,5.3300,5.3300,-0.3300,123.0168,21019.9000,-0.0100,6444858.8520,,
2024-05-02,5.3100,,428.6800,917177.0000,7362474.0000,5.3300,5.3300,-0.2900,122.4384,21019.9000,-0.0100,6444858.8520,,
2024-05-03,5.3100,,450.1650,917177.0000,7362474.0000,5.3300,5.3300,-0.3100,122.1375,21019.9000,-0.0100,6444858.8520,,
2024-05-04,5.3100,,450.1650,917177.0000,7362474.0000,5.3300,5.3300,-0.3100,122.1375,21019.9000,-0.0100,6444858.8520,,
2024-05-05,5.3100,,450.1650,917177.0000,7362474.0000,5.3300,5.3300,-0.3100,122.1375,21019.9000,-0.0100,6444858.8520,,
2024-05-06,5.3100,,468.9700,917177.0000,7362474.0000,5.3300,5.3300,-0.3300,121.8913,21019.9000,-0.0100,6444858.8520,,
2024-05-07,5.3100,,475.3250,917177.0000,7362474.0000,5.3300,5.3300,-0.3500,122.0930,21019.9000,-0.0100,6444858.8520,,
2024-05-08,5.3100,,493.4270,851591.0000,7353408.0000,5.3300,5.3300,-0.3600,122.1926,21019.9000,-0.0100,6501323.5730,,
2024-05-09,5.3100,,458.5500,851591.0000,7353408.0000,,5.3300,-0.3500,122.1634,,,6501323.5730,,
2024-05-10,5.3100,,486.4340,851591.0000,7353408.0000,,5.3300,-0.3700,122.0140,,,6501323.5730,,
2024-05-11,5.3100,,486.4340,851591.0000,7353408.0000,,5.3300,-0.3700,122.0140,,,6501323.5730,,
2024-05-12,5.3100,,486.4340,851591.0000,7353408.0000,,5.3300,-0.3700,122.0140,,,6501323.5730,,
2024-05-13,5.3100,,492.0680,851591.0000,7353408.0000,,5.3300,-0.3700,122.0261,,,6501323.5730,,
2024-05-14,5.3100,,468.3440,851591.0000,7353408.0000,,5.3300,-0.3600,121.9256,,,6501323.5730,,
2024-05-15,5.3100,,443.7790,787133.0000,7304272.0000,,5.3300,-0.3700,121.3543,,,6516695.2210,,
2024-05-16,5.3100,,410.1210,787133.0000,7304272.0000,,5.3300,-0.4000,121.2236,,,6516695.2210,,
2024-05-17,5.3100,,449.3730,787133.0000,7304272.0000,,5.3300,-0.4100,121.2354,,,6516695.2210,,
2024-05-18,5.3100,,449.3730,787133.0000,7304272.0000,,5.3300,-0.4100,121.2354,,,6516695.2210,,
2024-05-19,5.3100,,449.3730,787133.0000,7304272.0000,,5.3300,-0.4100,121.2354,,,6516695.2210,,
2024-05-20,5.3100,,489.7280,787133.0000,7304272.0000,,5.3300,-0.3800,121.2289,,,6516695.2210,,
2024-05-21,5.3100,,491.7200,787133.0000,7304272.0000,,5.3300,-0.4100,121.3793,,,6516695.2210,,
2024-05-22,5.3100,,496.3820,725376.0000,7299566.0000,,5.3300,-0.4300,121.5462,,,6573693.6180,,
2024-05-23,5.3100,,467.3980,725376.0000,7299566.0000,,5.3300,-0.4400,121.7477,,,6573693.6180,,
2024-05-24,5.3200,,431.2390,725376.0000,7299566.0000,,5.3300,-0.4700,121.6172,,,6573693.6180,,
2024-05-25,5.3200,,431.2390,725376.0000,7299566.0000,,5.3300,-0.4700,121.6172,,,6573693.6180,,
2024-05-26,5.3200,,431.2390,725376.0000,7299566.0000,,5.3300,-0.4700,121.6172,,,6573693.6180,,
2024-05-27,5.3200,,431.2390,725376.0000,7299566.0000,,5.3300,-0.4700,121.6172,,,6573693.6180,,
2024-05-28,5.3200,,417.8360,725376.0000,7299566.0000,,5.3300,-0.4000,121.4300,,,6573693.6180,,
2024-05-29,5.3300,,459.3140,704335.0000,7284319.0000,,5.3300,-0.3500,122.1641,,,6579524.6860,,
2024-05-30,5.3300,,452.0340,704335.0000,7284319.0000,,5.3300,-0.3700,121.9601,,,6579524.6860,,
2024-05-31,5.3400,,439.8060,704335.0000,7284319.0000,,5.3300,-0.3800,122.0980,,,6579524.6860,,
2024-06-01,5.3400,,439.8060,704335.0000,7284319.0000,5.3300,5.3300,-0.3800,122.0980,21067.7000,,6579524.6860,,
2024-06-02,5.3400,,439.8060,704335.0000,7284319.0000,5.3300,5.3300,-0.3800,122.0980,21067.7000,,6579524.6860,,
2024-06-03,5.3500,,387.0690,704335.0000,7284319.0000,5.3300,5.3300,-0.4100,122.3509,21067.7000,,6579524.6860,,
2024-06-04,5.3300,,377.8250,704335.0000,7284319.0000,5.3300,5.3300,-0.4400,122.7256,21067.7000,,6579524.6860,,
2024-06-05,5.3300,,371.8410,710309.0000,7255687.0000,5.3300,5.3300,-0.4300,122.5339,21067.7000,,6545006.1590,,
2024-06-06,5.3300,,378.1250,710309.0000,7255687.0000,5.3300,5.3300,-0.4400,122.3713,21067.7000,,6545006.1590,,
2024-06-07,5.3300,,395.4620,710309.0000,7255687.0000,5.3300,5.3300,-0.4400,123.5490,21067.7000,,6545006.1590,,
2024-06-08,5.3300,,395.4620,710309.0000,7255687.0000,5.3300,5.3300,-0.4400,123.5490,21067.7000,,6545006.1590,,
2024-06-09,5.3300,,395.4620,710309.0000,7255687.0000,,5.3300,-0.4400,123.5490,,,6545006.1590,,
2024-06-10,5.3200,,416.4810,710309.0000,7255687.0000,,5.3300,-0.4000,123.9125,,,6545006.1590,,
2024-06-11,5.3200,,410.4490,710309.0000,7255687.0000,,5.3300,-0.4200,124.0349,,,6545006.1590,,
2024-06-12,5.3100,,447.5740,673573.0000,7258974.0000,,5.3300,-0.4400,123.8295,,,6584953.4260,,
2024-06-13,5.3100,,429.8640,673573.0000,7258974.0000,,5.3300,-0.4400,124.0235,,,6584953.4260,,
2024-06-14,5.3100,,386.8850,673573.0000,7258974.0000,,5.3300,-0.4700,124.1694,,,6584953.4260,,
2024-06-15,5.3100,,386.8850,673573.0000,7258974.0000,,5.3300,-0.4700,124.1694,,,6584953.4260,,
2024-06-16,5.3100,,386.8850,673573.0000,7258974.0000,,5.3300,-0.4700,124.1694,,,6584953.4260,,
2024-06-17,5.3300,,333.4290,673573.0000,7258974.0000,,5.3300,-0.4700,124.2390,,,6584953.4260,,
2024-06-18,5.3300,,375.5420,673573.0000,7258974.0000,,5.3300,-0.4700,123.9776,,,6584953.4260,,
2024-06-19,5.3300,,375.5420,723410.0000,7252542.0000,,5.3300,-0.4700,123.9776,,,6584953.4260,,
2024-06-20,5.3200,,388.8410,723410.0000,7252542.0000,,5.3300,-0.4500,124.1920,,,,,
2024-06-21,5.3100,,421.0400,723410.0000,7252542.0000,,5.3300,-0.4500,124.1086,,,,,
2024-06-22,5.3100,,421.0400,723410.0000,7252542.0000,,5.3300,-0.4500,124.1086,,,,,
2024-06-23,5.3100,,421.0400,723410.0000,7252542.0000,,5.3300,-0.4500,124.1086,,,,,
2024-06-24,5.3100,,435.9160,723410.0000,7252542.0000,,5.3300,-0.4600,123.7125,,,,,
2024-06-25,5.3300,,466.3100,723410.0000,7252542.0000,,5.3300,-0.4200,123.9417,,,,,
2024-06-26,5.3400,,490.1560,765417.0000,7231163.0000,,5.3300,-0.3900,124.2600,,,6465255.8440,,
2024-06-27,5.3400,,531.6920,765417.0000,7231163.0000,,5.3300,-0.4100,124.3379,,,6465255.8440,,
2024-06-28,5.3300,,664.5700,765417.0000,7231163.0000,,5.3300,-0.3500,124.2103,,,6465255.8440,,
2024-06-29,5.3300,,664.5700,765417.0000,7231163.0000,,5.3300,-0.3500,124.2103,,,6465255.8440,,
2024-06-30,5.3300,,664.5700,765417.0000,7231163.0000,,5.3300,-0.3500,124.2103,,,6465255.8440,,
2024-07-01,5.4000,,451.7830,765417.0000,7231163.0000,5.3300,5.3300,-0.2900,124.4667,21094.4000,0.0700,6465255.8440,,
2024-07-02,5.3500,,443.3690,765417.0000,7231163.0000,5.3300,5.3300,-0.3100,124.2917,21094.4000,0.0700,6465255.8440,,
2024-07-03,5.3300,,425.8980,761373.0000,7221520.0000,5.3300,5.3300,-0.3500,123.7768,21094.4000,0.0700,6459721.1020,,
2024-07-04,5.3300,,425.8980,761373.0000,7221520.0000,5.3300,5.3300,-0.3500,123.7768,21094.4000,0.0700,6459721.1020,,
2024-07-05,5.3200,,390.6320,761373.0000,7221520.0000,5.3300,5.3300,-0.3200,123.4762,21094.4000,0.0700,6459721.1020,,
2024-07-06,5.3200,,390.6320,761373.0000,7221520.0000,5.3300,5.3300,-0.3200,123.4762,21094.4000,0.0700,6459721.1020,,
2024-07-07,5.3200,,390.6320,761373.0000,7221520.0000,5.3300,5.3300,-0.3200,123.4762,21094.4000,0.0700,6459721.1020,,
2024-07-08,5.3200,,415.2570,761373.0000,7221520.0000,5.3300,5.3300,-0.3400,123.3576,21094.4000,0.0700,6459721.1020,,
2024-07-09,5.3400,,423.1520,761373.0000,7221520.0000,,5.3300,-0.3200,123.4071,,,6459721.1020,,
2024-07-10,5.3400,,422.1470,736402.0000,7224079.0000,,5.3300,-0.3400,123.1895,,,6487254.8530,,
2024-07-11,5.3400,,403.7080,736402.0000,7224079.0000,,5.3300,-0.3000,122.7690,,,6487254.8530,,
2024-07-12,5.3400,,406.5900,736402.0000,7224079.0000,,5.3300,-0.2700,122.4404,,,6487254.8530,,
2024-07-13,5.3400,,406.5900,736402.0000,7224079.0000,,5.3300,-0.2700,122.4404,,,6487254.8530,,
2024-07-14,5.3400,,406.5900,736402.0000,7224079.0000,,5.3300,-0.2700,122.4404,,,6487254.8530,,
2024-07-15,5.3400,,413.2800,736402.0000,7224079.0000,,5.3300,-0.2100,122.6347,,,6487254.8530,,
2024-07-16,5.3500,,409.5940,736402.0000,7224079.0000,,5.3300,-0.2600,122.7264,,,6487254.8530,,
2024-07-17,5.3500,,399.4010,751593.0000,7208247.0000,,5.3300,-0.2600,122.5180,,,6456254.5990,,
2024-07-18,5.3400,,391.6520,751593.0000,7208247.0000,,5.3300,-0.2600,122.7909,,,6456254.5990,,
2024-07-19,5.3400,,379.8010,751593.0000,7208247.0000,,5.3300,-0.2400,123.1470,,,6456254.5990,,
2024-07-20,5.3400,,379.8010,751593.0000,7208247.0000,,5.3300,-0.2400,123.1470,,,6456254.5990,,
2024-07-21,5.3400,,379.8010,751593.0000,7208247.0000,,5.3300,-0.2400,123.1470,,,6456254.5990,,
2024-07-22,5.3300,,395.9010,751593.0000,7208247.0000,,5.3300,-0.2400,123.2172,,,6456254.5990,,
2024-07-23,5.3400,,389.8370,751593.0000,7208247.0000,,5.3300,-0.1500,123.3843,,,6456254.5990,,
2024-07-24,5.3400,,399.1210,774315.0000,7205455.0000,,5.3300,-0.0900,123.5575,,,6430740.8790,,
2024-07-25,5.3500,,377.4330,774315.0000,7205455.0000,,5.3300,-0.1400,123.5286,,,6430740.8790,,
2024-07-26,5.3500,,381.2570,774315.0000,7205455.0000,,5.3300,-0.1600,123.6720,,,6430740.8790,,
2024-07-27,5.3500,,381.2570,774315.0000,7205455.0000,,5.3300,-0.1600,123.6720,,,6430740.8790,,
2024-07-28,5.3500,,381.2570,774315.0000,7205455.0000,,5.3300,-0.1600,123.6720,,,6430740.8790,,
2024-07-29,5.3300,,385.2810,774315.0000,7205455.0000,,5.3300,-0.1900,124.1392,,,6430740.8790,,
2024-07-30,5.3300,,367.0540,774315.0000,7205455.0000,,5.3300,-0.2000,124.2855,,,6430740.8790,,
2024-07-31,5.3800,,413.2000,786486.0000,7178391.0000,,5.3300,-0.2000,123.6373,,,6391491.8000,,
2024-08-01,5.3500,,348.8850,786486.0000,7178391.0000,5.3300,5.3300,-0.1700,123.8693,21185.8000,0.0200,6391491.8000,,
2024-08-02,5.3500,,338.4730,786486.0000,7178391.0000,5.3300,5.3300,-0.0800,123.4681,21185.8000,0.0200,6391491.8000,,
2024-08-03,5.3500,,338.4730,786486.0000,7178391.0000,5.3300,5.3300,-0.0800,123.4681,21185.8000,0.0200,6391491.8000,,
2024-08-04,5.3500,,338.4730,786486.0000,7178391.0000,5.3300,5.3300,-0.0800,123.4681,21185.8000,0.0200,6391491.8000,,
2024-08-05,5.3200,,316.2460,786486.0000,7178391.0000,5.3300,5.3300,-0.1100,123.5787,21185.8000,0.0200,6391491.8000,,
2024-08-06,5.3300,,291.9580,786486.0000,7178391.0000,5.3300,5.3300,-0.0900,123.6532,21185.8000,0.0200,6391491.8000,,
2024-08-07,5.3300,,286.6600,770931.0000,7175256.0000,5.3300,5.3300,-0.0400,123.5698,21185.8000,0.0200,6404038.3400,,
2024-08-08,5.3400,,303.1590,770931.0000,7175256.0000,5.3300,5.3300,-0.0500,123.4466,21185.8000,0.0200,6404038.3400,,
2024-08-09,5.3400,,312.1980,770931.0000,7175256.0000,,5.3300,-0.1100,122.9276,,,6404038.3400,,
2024-08-10,5.3400,,312.1980,770931.0000,7175256.0000,,5.3300,-0.1100,122.9276,,,6404038.3400,,
2024-08-11,5.3400,,312.1980,770931.0000,7175256.0000,,5.3300,-0.1100,122.9276,,,6404038.3400,,
2024-08-12,5.3400,,328.6410,770931.0000,7175256.0000,,5.3300,-0.1100,123.2204,,,6404038.3400,,
2024-08-13,5.3400,,324.4940,770931.0000,7175256.0000,,5.3300,-0.0800,123.0146,,,6404038.3400,,
2024-08-14,5.3300,,328.4720,794120.0000,7177688.0000,,5.3300,-0.1100,122.4297,,,6383239.5280,,
2024-08-15,5.3500,,307.1410,794120.0000,7177688.0000,,5.3300,-0.1600,122.5844,,,6383239.5280,,
2024-08-16,5.3200,,330.3170,794120.0000,7177688.0000,,5.3300,-0.1700,122.3972,,,6383239.5280,,
2024-08-17,5.3200,,330.3170,794120.0000,7177688.0000,,5.3300,-0.1700,122.3972,,,6383239.5280,,
2024-08-18,5.3200,,330.3170,794120.0000,7177688.0000,,5.3300,-0.1700,122.3972,,,6383239.5280,,
2024-08-19,5.3200,,333.5830,794120.0000,7177688.0000,,5.3300,-0.2000,121.8788,,,6383239.5280,,
2024-08-20,5.3200,,310.8190,794120.0000,7177688.0000,,5.3300,-0.1700,121.7728,,,6383239.5280,,
2024-08-21,5.3100,,321.3290,736494.0000,7139952.0000,,5.3300,-0.1300,121.8535,,,6403136.6710,,
2024-08-22,5.3100,,316.7770,736494.0000,7139952.0000,,5.3300,-0.1300,122.3626,,,6403136.6710,,
2024-08-23,5.3300,,312.8960,736494.0000,7139952.0000,,5.3300,-0.0900,121.4597,,,6403136.6710,,
2024-08-24,5.3300,,312.8960,736494.0000,7139952.0000,,5.3300,-0.0900,121.4597,,,6403136.6710,,
2024-08-25,5.3300,,312.8960,736494.0000,7139952.0000,,5.3300,-0.0900,121.4597,,,6403136.6710,,
2024-08-26,5.3400,,353.5570,736494.0000,7139952.0000,,5.3300,-0.0900,121.6943,,,6403136.6710,,
2024-08-27,5.3500,,344.0450,736494.0000,7139952.0000,,5.3300,0.0000,121.8672,,,6403136.6710,,
2024-08-28,5.3500,,388.8900,745851.0000,7123238.0000,,5.3300,0.0100,121.8943,,,6376998.1100,,
2024-08-29,5.3300,,383.4340,745851.0000,7123238.0000,,5.3300,0.0000,122.2333,,,6376998.1100,,
2024-08-30,5.3200,,433.1300,745851.0000,7123238.0000,,5.3300,0.0000,122.3262,,,6376998.1100,,
2024-08-31,5.3200,,433.1300,745851.0000,7123238.0000,,5.3300,0.0000,122.3262,,,6376998.1100,,
2024-09-01,5.3200,,433.1300,745851.0000,7123238.0000,5.1300,5.3300,0.0000,122.3262,21268.6000,,6376998.1100,,
2024-09-02,5.3200,,433.1300,745851.0000,7123238.0000,5.1300,5.3300,0.0000,122.3262,21268.6000,,6376998.1100,,
2024-09-03,5.3400,,349.8080,745851.0000,7123238.0000,5.1300,5.3300,-0.0400,122.7811,21268.6000,,6376998.1100,,
2024-09-04,5.3500,,337.3120,733959.0000,7112567.0000,5.1300,5.3300,0.0100,122.5144,21268.6000,,6378270.6880,,
2024-09-05,5.3500,,291.0910,733959.0000,7112567.0000,5.1300,5.3300,-0.0200,122.4533,21268.6000,,6378270.6880,,
2024-09-06,5.3400,,299.2710,733959.0000,7112567.0000,5.1300,5.3300,0.0600,122.4991,21268.6000,,6378270.6880,,
2024-09-07,5.3400,,299.2710,733959.0000,7112567.0000,5.1300,5.3300,0.0600,122.4991,21268.6000,,6378270.6880,,
2024-09-08,5.3400,,299.2710,733959.0000,7112567.0000,5.1300,5.3300,0.0600,122.4991,21268.6000,,6378270.6880,,
2024-09-09,5.3400,,292.1580,733959.0000,7112567.0000,,5.3300,0.0200,122.7156,,,6378270.6880,,
2024-09-10,5.3300,,281.3920,733959.0000,7112567.0000,,5.3300,0.0600,123.0071,,,6378270.6880,,
2024-09-11,5.3200,,279.2150,755958.0000,7115001.0000,,5.3300,0.0300,122.7754,,,6358763.7850,,
2024-09-12,5.3300,,294.4640,755958.0000,7115001.0000,,5.3300,0.0400,122.4423,,,6358763.7850,,
2024-09-13,5.3300,,284.9510,755958.0000,7115001.0000,,5.3300,0.0900,121.6551,,,6358763.7850,,
2024-09-14,5.3300,,284.9510,755958.0000,7115001.0000,,5.3300,0.0900,121.6551,,,6358763.7850,,
2024-09-15,5.3300,,284.9510,755958.0000,7115001.0000,,5.3300,0.0900,121.6551,,,6358763.7850,,
2024-09-16,5.3800,,239.3860,755958.0000,7115001.0000,,5.3300,0.0700,121.4976,,,6358763.7850,,
2024-09-17,5.3800,,256.3370,755958.0000,7115001.0000,,5.3300,0.0600,121.6031,,,6358763.7850,,
2024-09-18,5.3300,,305.8310,771194.0000,7109137.0000,,5.3300,0.0900,121.5618,,,6337637.1690,,
2024-09-19,4.8200,,311.7770,771194.0000,7109137.0000,,4.8300,0.1400,121.3059,,,6337637.1690,,
2024-09-20,4.8300,,339.3160,771194.0000,7109137.0000,,4.8300,0.1800,121.4052,,,6337637.1690,,
2024-09-21,4.8300,,339.3160,771194.0000,7109137.0000,,4.8300,0.1800,121.4052,,,6337637.1690,,
2024-09-22,4.8300,,339.3160,771194.0000,7109137.0000,,4.8300,0.1800,121.4052,,,6337637.1690,,
2024-09-23,4.8300,,380.3720,771194.0000,7109137.0000,,4.8300,0.1800,121.4303,,,6337637.1690,,
2024-09-24,4.8400,,388.9770,771194.0000,7109137.0000,,4.8300,0.2500,121.1291,,,6337637.1690,,
2024-09-25,4.8400,,416.1930,806771.0000,7080059.0000,,4.8300,0.2600,121.4447,,,6272871.8070,,
2024-09-26,4.8300,,424.9160,806771.0000,7080059.0000,,4.8300,0.1900,121.0785,,,6272871.8070,,
2024-09-27,4.8400,,436.5180,806771.0000,7080059.0000,,4.8300,0.2000,121.1111,,,6272871.8070,,
2024-09-28,4.8400,,436.5180,806771.0000,7080059.0000,,4.8300,0.2000,121.1111,,,6272871.8070,,
2024-09-29,4.8400,,436.5180,806771.0000,7080059.0000,,4.8300,0.2000,121.1111,,,6272871.8070,,
2024-09-30,4.9600,,465.6380,806771.0000,7080059.0000,,4.8300,0.1500,121.2864,,,6272871.8070,,
2024-10-01,5.0500,,375.2210,806771.0000,7080059.0000,4.8300,4.8300,0.1300,121.6881,21331.0000,0.2200,6272871.8070,,
2024-10-02,4.9200,,383.3980,798277.0000,7046925.0000,4.8300,4.8300,0.1600,121.5724,21331.0000,0.2200,6248264.6020,,
2024-10-03,4.8500,,341.2480,798277.0000,7046925.0000,4.8300,4.8300,0.1500,122.1197,21331.0000,0.2200,6248264.6020,,
2024-10-04,4.8300,,330.0120,798277.0000,7046925.0000,4.8300,4.8300,0.0500,122.2197,21331.0000,0.2200,6248264.6020,,
2024-10-05,4.8300,,330.0120,798277.0000,7046925.0000,4.8300,4.8300,0.0500,122.2197,21331.0000,0.2200,6248264.6020,,
2024-10-06,4.8300,,330.0120,798277.0000,7046925.0000,4.8300,4.8300,0.0500,122.2197,21331.0000,0.2200,6248264.6020,,
2024-10-07,4.8300,,322.9480,798277.0000,7046925.0000,4.8300,4.8300,0.0400,122.4241,21331.0000,0.2200,6248264.6020,,
2024-10-08,4.8400,,325.3550,798277.0000,7046925.0000,4.8300,4.8300,0.0600,122.6625,21331.0000,0.2200,6248264.6020,,
2024-10-09,4.8300,,343.4480,802115.0000,7046840.0000,,4.8300,0.0700,122.8821,,,6244381.5520,,
2024-10-10,4.8200,,322.5870,802115.0000,7046840.0000,,4.8300,0.1100,123.0951,,,6244381.5520,,
2024-10-11,4.8100,,331.7350,802115.0000,7046840.0000,,4.8300,0.1300,122.9805,,,6244381.5520,,
2024-10-12,4.8100,,331.7350,802115.0000,7046840.0000,,4.8300,0.1300,122.9805,,,6244381.5520,,
2024-10-13,4.8100,,331.7350,802115.0000,7046840.0000,,4.8300,0.1300,122.9805,,,6244381.5520,,
2024-10-14,4.8100,,331.7350,802115.0000,7046840.0000,,4.8300,0.1300,122.9805,,,6244381.5520,,
2024-10-15,4.8600,,286.3980,802115.0000,7046840.0000,,4.8300,0.0800,123.5124,,,6244381.5520,,
2024-10-16,4.8600,,272.0720,791792.0000,7039284.0000,,4.8300,0.0900,123.9235,,,6247219.9280,,
2024-10-17,4.8500,,262.2100,791792.0000,7039284.0000,,4.8300,0.1300,124.1122,,,6247219.9280,,
2024-10-18,4.8400,,259.8920,791792.0000,7039284.0000,,4.8300,0.1300,123.9185,,,6247219.9280,,
2024-10-19,4.8400,,259.8920,791792.0000,7039284.0000,,4.8300,0.1300,123.9185,,,6247219.9280,,
2024-10-20,4.8400,,259.8920,791792.0000,7039284.0000,,4.8300,0.1300,123.9185,,,6247219.9280,,
2024-10-21,4.8200,,261.0440,791792.0000,7039284.0000,,4.8300,0.1700,124.4757,,,6247219.9280,,
2024-10-22,4.8300,,237.7600,791792.0000,7039284.0000,,4.8300,0.1700,124.4107,,,6247219.9280,,
2024-10-23,4.8300,,270.8390,829991.0000,7029408.0000,,4.8300,0.1700,124.6931,,,6199146.1610,,
2024-10-24,4.8300,,202.7980,829991.0000,7029408.0000,,4.8300,0.1400,124.5127,,,6199146.1610,,
2024-10-25,4.8300,,227.0000,829991.0000,7029408.0000,,4.8300,0.1400,124.6105,,,6199146.1610,,
2024-10-26,4.8300,,227.0000,829991.0000,7029408.0000,,4.8300,0.1400,124.6105,,,6199146.1610,,
2024-10-27,4.8300,,227.0000,829991.0000,7029408.0000,,4.8300,0.1400,124.6105,,,6199146.1610,,
2024-10-28,4.8200,,251.0320,829991.0000,7029408.0000,,4.8300,0.1600,124.8076,,,6199146.1610,,
2024-10-29,4.8200,,244.8410,829991.0000,7029408.0000,,4.8300,0.1700,124.8612,,,6199146.1610,,
2024-10-30,4.8100,,228.9460,835237.0000,7013490.0000,,4.8300,0.1400,124.8153,,,6178024.0540,,
2024-10-31,4.9000,,201.2780,835237.0000,7013490.0000,,4.8300,0.1200,124.7988,,,6178024.0540,,
2024-11-01,4.8600,,155.4760,835237.0000,7013490.0000,4.6400,4.8300,0.1600,124.8076,21451.6000,0.2200,6178024.0540,,
2024-11-02,4.8600,,155.4760,835237.0000,7013490.0000,4.6400,4.8300,0.1600,124.8076,21451.6000,0.2200,6178024.0540,,
2024-11-03,4.8600,,155.4760,835237.0000,7013490.0000,4.6400,4.8300,0.1600,124.8076,21451.6000,0.2200,6178024.0540,,
2024-11-04,4.8200,,171.8850,835237.0000,7013490.0000,4.6400,4.8300,0.1400,124.5903,21451.6000,0.2200,6178024.0540,,
2024-11-05,4.8200,,144.2430,835237.0000,7013490.0000,4.6400,4.8300,0.0700,124.5532,21451.6000,0.2200,6178024.0540,,
2024-11-06,4.8100,,177.8710,842051.0000,6994299.0000,4.6400,4.8300,0.1500,125.7035,21451.6000,0.2200,6152070.1290,,
2024-11-07,4.8200,,159.0020,842051.0000,6994299.0000,4.6400,4.8300,0.1000,124.7750,21451.6000,0.2200,6152070.1290,,
2024-11-08,4.6000,,163.6210,842051.0000,6994299.0000,4.6400,4.5800,0.0400,125.5811,21451.6000,0.2200,6152070.1290,,
2024-11-09,4.6000,,163.6210,842051.0000,6994299.0000,,4.5800,0.0400,125.5811,,,6152070.1290,,
2024-11-10,4.6000,,163.6210,842051.0000,6994299.0000,,4.5800,0.0400,125.5811,,,6152070.1290,,
2024-11-11,4.6000,,163.6210,842051.0000,6994299.0000,,4.5800,0.0400,125.5811,,,6152070.1290,,
2024-11-12,4.6000,,178.8140,842051.0000,6994299.0000,,4.5800,0.0900,126.7762,,,6152070.1290,,
2024-11-13,4.5900,,238.1060,832186.0000,6967108.0000,,4.5800,0.1700,126.9572,,,6134683.8940,,
2024-11-14,4.5800,,214.5090,832186.0000,6967108.0000,,4.5800,0.0900,127.0015,,,6134683.8940,,
2024-11-15,4.5700,,172.4000,832186.0000,6967108.0000,,4.5800,0.1200,126.8848,,,6134683.8940,,
2024-11-16,4.5700,,172.4000,832186.0000,6967108.0000,,4.5800,0.1200,126.8848,,,6134683.8940,,
2024-11-17,4.5700,,172.4000,832186.0000,6967108.0000,,4.5800,0.1200,126.8848,,,6134683.8940,,
2024-11-18,4.5700,,200.0300,832186.0000,6967108.0000,,4.5800,0.1300,126.6045,,,6134683.8940,,
2024-11-19,4.5700,,200.6640,832186.0000,6967108.0000,,4.5800,0.1200,126.3994,,,6134683.8940,,
2024-11-20,4.5600,,217.7930,751873.0000,6923731.0000,,4.5800,0.1000,126.8800,,,6171640.2070,,
2024-11-21,4.5700,,188.5670,751873.0000,6923731.0000,,4.5800,0.0900,127.1047,,,6171640.2070,,
2024-11-22,4.5700,,204.2540,751873.0000,6923731.0000,,4.5800,0.0400,127.4712,,,6171640.2070,,
2024-11-23,4.5700,,204.2540,751873.0000,6923731.0000,,4.5800,0.0400,127.4712,,,6171640.2070,,
2024-11-24,4.5700,,204.2540,751873.0000,6923731.0000,,4.5800,0.0400,127.4712,,,6171640.2070,,
2024-11-25,4.5800,,186.7490,751873.0000,6923731.0000,,4.5800,0.0600,126.9948,,,6171640.2070,,
2024-11-26,4.5800,,148.8230,751873.0000,6923731.0000,,4.5800,0.0900,127.4301,,,6171640.2070,,
2024-11-27,4.5700,,169.8150,775250.0000,6905140.0000,,4.5800,0.0600,126.8205,,,6129720.1850,,
2024-11-28,4.5700,,169.8150,775250.0000,6905140.0000,,4.5800,0.0600,126.8205,,,6129720.1850,,
2024-11-29,4.5900,,197.6270,775250.0000,6905140.0000,,4.5800,0.0500,126.5798,,,6129720.1850,,
2024-11-30,4.5900,,197.6270,775250.0000,6905140.0000,,4.5800,0.0500,126.5798,,,6129720.1850,,
2024-12-01,4.5900,,197.6270,775250.0000,6905140.0000,4.4800,4.5800,0.0500,126.5798,21485.3000,,6129720.1850,,
2024-12-02,4.6400,,135.8580,775250.0000,6905140.0000,4.4800,4.5800,0.0200,127.1272,21485.3000,,6129720.1850,,
2024-12-03,4.6400,,161.5720,775250.0000,6905140.0000,4.4800,4.5800,0.0600,126.9565,21485.3000,,6129720.1850,,
2024-12-04,4.5900,,162.8660,789516.0000,6895827.0000,4.4800,4.5800,0.0600,126.7574,21485.3000,,6106148.1340,,
2024-12-05,4.5900,,131.9640,789516.0000,6895827.0000,4.4800,4.5800,0.0200,126.4286,21485.3000,,6106148.1340,,
2024-12-06,4.6000,,130.0140,789516.0000,6895827.0000,4.4800,4.5800,0.0500,126.6880,21485.3000,,6106148.1340,,
2024-12-07,4.6000,,130.0140,789516.0000,6895827.0000,4.4800,4.5800,0.0500,126.6880,21485.3000,,6106148.1340,,
2024-12-08,4.6000,,130.0140,789516.0000,6895827.0000,4.4800,4.5800,0.0500,126.6880,21485.3000,,6106148.1340,,
2024-12-09,4.6300,,153.0290,789516.0000,6895827.0000,,4.5800,0.0700,126.5981,,,6106148.1340,,
2024-12-10,4.6400,,174.8420,789516.0000,6895827.0000,,4.5800,0.0700,126.9570,,,6106148.1340,,
2024-12-11,4.6200,,180.1200,775067.0000,6897485.0000,,4.5800,0.1100,126.8483,,,6122237.8800,,
2024-12-12,4.6200,,165.0250,775067.0000,6897485.0000,,4.5800,0.1400,126.9556,,,6122237.8800,,
2024-12-13,4.6000,,135.7770,775067.0000,6897485.0000,,4.5800,0.1500,127.3096,,,6122237.8800,,
2024-12-14,4.6000,,135.7770,775067.0000,6897485.0000,,4.5800,0.1500,127.3096,,,6122237.8800,,
2024-12-15,4.6000,,135.7770,775067.0000,6897485.0000,,4.5800,0.1500,127.3096,,,6122237.8800,,
2024-12-16,4.6500,,110.7530,775067.0000,6897485.0000,,4.5800,0.1400,127.2687,,,6122237.8800,,
2024-12-17,4.6200,,118.0930,775067.0000,6897485.0000,,4.5800,0.1500,127.5043,,,6122237.8800,,
2024-12-18,4.5700,,131.6510,767932.0000,6889332.0000,,4.5800,0.1500,127.6418,,,6121268.3490,,
2024-12-19,4.3000,,112.4170,767932.0000,6889332.0000,,4.3300,0.2500,128.6366,,,6121268.3490,,
2024-12-20,4.3000,,98.3560,767932.0000,6889332.0000,,4.3300,0.2200,127.8930,,,6121268.3490,,
2024-12-21,4.3000,,98.3560,767932.0000,6889332.0000,,4.3300,0.2200,127.8930,,,6121268.3490,,
2024-12-22,4.3000,,98.3560,767932.0000,6889332.0000,,4.3300,0.2200,127.8930,,,6121268.3490,,
2024-12-23,4.3100,,116.0040,767932.0000,6889332.0000,,4.3300,0.2900,128.3021,,,6121268.3490,,
2024-12-24,4.4000,,180.9890,767932.0000,6889332.0000,,4.3300,0.3000,128.3377,,,6121268.3490,,
2024-12-25,4.4000,,180.9890,764770.0000,6885963.0000,,4.3300,0.3000,128.3377,,,6121268.3490,,
2024-12-26,4.5300,,196.8180,764770.0000,6885963.0000,,4.3300,0.2800,128.3329,,,,,
2024-12-27,4.4600,,268.7390,764770.0000,6885963.0000,,4.3300,0.3100,128.4500,,,,,
2024-12-28,4.4600,,268.7390,764770.0000,6885963.0000,,4.3300,0.3100,128.4500,,,,,
2024-12-29,4.4600,,268.7390,764770.0000,6885963.0000,,4.3300,0.3100,128.4500,,,,,
2024-12-30,4.3700,,260.7430,764770.0000,6885963.0000,,4.3300,0.3100,128.8205,,,,,
2024-12-31,4.4900,,473.4600,764770.0000,6885963.0000,,4.3300,0.3300,129.2775,,,,,
2025-01-01,4.4900,,473.4600,719873.0000,6852491.0000,4.3300,4.3300,0.3300,129.2775,21547.6000,,,,
2025-01-02,4.4000,,239.8580,719873.0000,6852491.0000,4.3300,4.3300,0.3200,129.4598,21547.6000,,,,
2025-01-03,4.3100,,237.3770,719873.0000,6852491.0000,4.3300,4.3300,0.3200,129.4535,21547.6000,,,,
2025-01-04,4.3100,,237.3770,719873.0000,6852491.0000,4.3300,4.3300,0.3200,129.4535,21547.6000,,,,
2025-01-05,4.3100,,237.3770,719873.0000,6852491.0000,4.3300,4.3300,0.3200,129.4535,21547.6000,,,,
2025-01-06,4.2700,,231.9260,719873.0000,6852491.0000,4.3300,4.3300,0.3400,128.5380,21547.6000,,,,
2025-01-07,4.2700,,208.2960,719873.0000,6852491.0000,4.3300,4.3300,0.3700,128.6130,21547.6000,,,,
2025-01-08,4.2900,,185.1440,652636.0000,6853554.0000,4.3300,4.3300,0.3900,129.0785,21547.6000,,6200732.8560,,
2025-01-09,4.3000,,168.2250,652636.0000,6853554.0000,,4.3300,0.4100,129.2827,,,6200732.8560,,
2025-01-10,4.3000,,178.8000,652636.0000,6853554.0000,,4.3300,0.3700,129.8664,,,6200732.8560,,
2025-01-11,4.3000,,178.8000,652636.0000,6853554.0000,,4.3300,0.3700,129.8664,,,6200732.8560,,
2025-01-12,4.3000,,178.8000,652636.0000,6853554.0000,,4.3300,0.3700,129.8664,,,6200732.8560,,
2025-01-13,4.2900,,183.6690,652636.0000,6853554.0000,,4.3300,0.3900,130.0413,,,6200732.8560,,
2025-01-14,4.2800,,160.2190,652636.0000,6853554.0000,,4.3300,0.4100,129.3812,,,6200732.8560,,
2025-01-15,4.2800,,119.9770,641225.0000,6834070.0000,,4.3300,0.3900,129.2092,,,6192725.0230,,
2025-01-16,4.2900,,94.4890,641225.0000,6834070.0000,,4.3300,0.3800,129.4360,,,6192725.0230,,
2025-01-17,4.2900,,118.3270,641225.0000,6834070.0000,,4.3300,0.3400,129.4859,,,6192725.0230,,
2025-01-18,4.2900,,118.3270,641225.0000,6834070.0000,,4.3300,0.3400,129.4859,,,6192725.0230,,
2025-01-19,4.2900,,118.3270,641225.0000,6834070.0000,,4.3300,0.3400,129.4859,,,6192725.0230,,
2025-01-20,4.2900,,118.3270,641225.0000,6834070.0000,,4.3300,0.3400,129.4859,,,6192725.0230,,
2025-01-21,4.2900,,96.0150,641225.0000,6834070.0000,,4.3300,0.2800,128.4151,,,6192725.0230,,
2025-01-22,4.3000,,123.9810,677282.0000,6831760.0000,,4.3300,0.3100,128.3402,,,6154354.0190,,
2025-01-23,4.3500,,132.0310,677282.0000,6831760.0000,,4.3300,0.3600,128.2162,,,6154354.0190,,
2025-01-24,4.3400,,104.9720,677282.0000,6831760.0000,,4.3300,0.3600,127.4611,,,6154354.0190,,
2025-01-25,4.3400,,104.9720,677282.0000,6831760.0000,,4.3300,0.3600,127.4611,,,6154354.0190,,
2025-01-26,4.3400,,104.9720,677282.0000,6831760.0000,,4.3300,0.3600,127.4611,,,6154354.0190,,
2025-01-27,4.3400,,92.8630,677282.0000,6831760.0000,,4.3300,0.3600,128.0912,,,6154354.0190,,
2025-01-28,4.3500,,112.7600,677282.0000,6831760.0000,,4.3300,0.3600,128.2817,,,6154354.0190,,
2025-01-29,4.3500,,121.8420,784206.0000,6818186.0000,,4.3300,0.3400,128.3418,,,6033858.1580,,
2025-01-30,4.3600,,125.9650,784206.0000,6818186.0000,,4.3300,0.3400,128.1004,,,6033858.1580,,
2025-01-31,4.3800,,187.9130,784206.0000,6818186.0000,,4.3300,0.3600,128.4828,,,6033858.1580,,
2025-02-01,4.3800,,187.9130,784206.0000,6818186.0000,4.3300,4.3300,0.3600,128.4828,21613.2000,,6033858.1580,,
2025-02-02,4.3800,,187.9130,784206.0000,6818186.0000,4.3300,4.3300,0.3600,128.4828,21613.2000,,6033858.1580,,
2025-02-03,4.3500,,97.7810,784206.0000,6818186.0000,4.3300,4.3300,0.2800,129.1090,21613.2000,,6033858.1580,,
2025-02-04,4.3300,,85.6540,784206.0000,6818186.0000,4.3300,4.3300,0.3100,128.1083,21613.2000,,6033858.1580,,
2025-02-05,4.3300,,78.7880,805593.0000,6810935.0000,4.3300,4.3300,0.2600,127.9751,21613.2000,,6005263.2120,,
2025-02-06,4.3600,,79.9830,805593.0000,6810935.0000,4.3300,4.3300,0.2400,128.2017,21613.2000,,6005263.2120,,
2025-02-07,4.3500,,95.2480,805593.0000,6810935.0000,4.3300,4.3300,0.2000,128.4292,21613.2000,,6005263.2120,,
2025-02-08,4.3500,,95.2480,805593.0000,6810935.0000,4.3300,4.3300,0.2000,128.4292,21613.2000,,6005263.2120,,
2025-02-09,4.3500,,95.2480,805593.0000,6810935.0000,,4.3300,0.2000,128.4292,,,6005263.2120,,
2025-02-10,4.3500,,99.6530,805593.0000,6810935.0000,,4.3300,0.2300,128.6382,,,6005263.2120,,
2025-02-11,4.3400,,76.4460,805593.0000,6810935.0000,,4.3300,0.2500,128.4322,,,6005263.2120,,
2025-02-12,4.3200,,67.6700,828102.0000,6813513.0000,,4.3300,0.2600,128.3288,,,5985343.3300,,
2025-02-13,4.3300,,67.8200,828102.0000,6813513.0000,,4.3300,0.2100,127.8931,,,5985343.3300,,
2025-02-14,4.3300,,58.7700,828102.0000,6813513.0000,,4.3300,0.2100,127.1491,,,5985343.3300,,
2025-02-15,4.3300,,58.7700,828102.0000,6813513.0000,,4.3300,0.2100,127.1491,,,5985343.3300,,
2025-02-16,4.3300,,58.7700,828102.0000,6813513.0000,,4.3300,0.2100,127.1491,,,5985343.3300,,
2025-02-17,4.3300,,58.7700,828102.0000,6813513.0000,,4.3300,0.2100,127.1491,,,5985343.3300,,
2025-02-18,4.3700,,77.8170,828102.0000,6813513.0000,,4.3300,0.2600,127.2906,,,5985343.3300,,
2025-02-19,4.3500,,73.1960,790062.0000,6782332.0000,,4.3300,0.2500,127.7317,,,5992196.8040,,
2025-02-20,4.3300,,63.2070,790062.0000,6782332.0000,,4.3300,0.2200,127.1126,,,5992196.8040,,
2025-02-21,4.3400,,68.9830,790062.0000,6782332.0000,,4.3300,0.2300,127.1408,,,5992196.8040,,
2025-02-22,4.3400,,68.9830,790062.0000,6782332.0000,,4.3300,0.2300,127.1408,,,5992196.8040,,
2025-02-23,4.3400,,68.9830,790062.0000,6782332.0000,,4.3300,0.2300,127.1408,,,5992196.8040,,
2025-02-24,4.3400,,76.8180,790062.0000,6782332.0000,,4.3300,0.2700,127.1921,,,5992196.8040,,
2025-02-25,4.3300,,96.0000,790062.0000,6782332.0000,,4.3300,0.2300,127.3752,,,5992196.8040,,
2025-02-26,4.3300,,126.0580,681161.0000,6766101.0000,,4.3300,0.2000,127.2822,,,6084813.9420,,
2025-02-27,4.3600,,182.1480,681161.0000,6766101.0000,,4.3300,0.2200,127.9704,,,6084813.9420,,
2025-02-28,4.3900,,234.4220,681161.0000,6766101.0000,,4.3300,0.2500,128.2805,,,6084813.9420,,
2025-03-01,4.3900,,234.4220,681161.0000,6766101.0000,4.3300,4.3300,0.2500,128.2805,21693.5000,,6084813.9420,,
2025-03-02,4.3900,,234.4220,681161.0000,6766101.0000,4.3300,4.3300,0.2500,128.2805,21693.5000,,6084813.9420,,
2025-03-03,4.3300,,119.9870,681161.0000,6766101.0000,4.3300,4.3300,0.2000,127.7500,21693.5000,,6084813.9420,,
2025-03-04,4.3300,,135.2570,681161.0000,6766101.0000,4.3300,4.3300,0.2600,127.9966,21693.5000,,6084813.9420,,
2025-03-05,4.3400,,139.4930,548331.0000,6756764.0000,4.3300,4.3300,0.2900,126.5040,21693.5000,,6208293.5070,,
2025-03-06,4.3500,,129.2690,548331.0000,6756764.0000,4.3300,4.3300,0.3300,126.1099,21693.5000,,6208293.5070,,
2025-03-07,4.3400,,136.3050,548331.0000,6756764.0000,4.3300,4.3300,0.3300,125.9814,21693.5000,,6208293.5070,,
2025-03-08,4.3400,,136.3050,548331.0000,6756764.0000,4.3300,4.3300,0.3300,125.9814,21693.5000,,6208293.5070,,
2025-03-09,4.3400,,136.3050,548331.0000,6756764.0000,,4.3300,0.3300,125.9814,,,6208293.5070,,
2025-03-10,4.3300,,129.0540,548331.0000,6756764.0000,,4.3300,0.3300,126.2680,,,6208293.5070,,
2025-03-11,4.3200,,137.3100,548331.0000,6756764.0000,,4.3300,0.3400,126.0457,,,6208293.5070,,
2025-03-12,4.3100,,131.0550,512581.0000,6759571.0000,,4.3300,0.3100,125.8664,,,6246858.9450,,
2025-03-13,4.3000,,113.4350,512581.0000,6759571.0000,,4.3300,0.3300,126.0031,,,6246858.9450,,
2025-03-14,4.3000,,126.2340,512581.0000,6759571.0000,,4.3300,0.2900,125.6942,,,6246858.9450,,
2025-03-15,4.3000,,126.2340,512581.0000,6759571.0000,,4.3300,0.2900,125.6942,,,6246858.9450,,
2025-03-16,4.3000,,126.2340,512581.0000,6759571.0000,,4.3300,0.2900,125.6942,,,6246858.9450,,
2025-03-17,4.3200,,89.4960,512581.0000,6759571.0000,,4.3300,0.2500,125.3688,,,6246858.9450,,
2025-03-18,4.3100,,149.5030,512581.0000,6759571.0000,,4.3300,0.2500,125.4880,,,6246858.9450,,
2025-03-19,4.2900,,193.3780,435936.0000,6755982.0000,,4.3300,0.2600,125.8006,,,6319852.6220,,
2025-03-20,4.2900,,192.6400,435936.0000,6755982.0000,,4.3300,0.2900,125.9850,,,6319852.6220,,
2025-03-21,4.3000,,200.8500,435936.0000,6755982.0000,,4.3300,0.3100,126.2679,,,6319852.6220,,
2025-03-22,4.3000,,200.8500,435936.0000,6755982.0000,,4.3300,0.3100,126.2679,,,6319852.6220,,
2025-03-23,4.3000,,200.8500,435936.0000,6755982.0000,,4.3300,0.3100,126.2679,,,6319852.6220,,
2025-03-24,4.3100,,196.5650,435936.0000,6755982.0000,,4.3300,0.3000,126.1956,,,6319852.6220,,
2025-03-25,4.3300,,214.7860,435936.0000,6755982.0000,,4.3300,0.3500,126.0535,,,6319852.6220,,
2025-03-26,4.3500,,241.3710,360177.0000,6740253.0000,,4.3300,0.3700,126.2364,,,6379834.6290,,
2025-03-27,4.3600,,291.7850,360177.0000,6740253.0000,,4.3300,0.4100,126.3626,,,6379834.6290,,
2025-03-28,4.3400,,286.5750,360177.0000,6740253.0000,,4.3300,0.3800,126.4187,,,6379834.6290,,
2025-03-29,4.3400,,286.5750,360177.0000,6740253.0000,,4.3300,0.3800,126.4187,,,6379834.6290,,
2025-03-30,4.3400,,286.5750,360177.0000,6740253.0000,,4.3300,0.3800,126.4187,,,6379834.6290,,
2025-03-31,4.4100,,399.1670,360177.0000,6740253.0000,,4.3300,0.3400,126.7075,,,6379834.6290,,
2025-04-01,4.3900,,230.0630,360177.0000,6740253.0000,4.3300,4.3300,0.3000,126.4338,21775.5000,0.0600,6379834.6290,,
2025-04-02,4.3700,,233.4880,313326.0000,6723452.0000,4.3300,4.3300,0.2900,126.3811,21775.5000,0.0600,6409892.5120,,
2025-04-03,4.3900,,196.2650,313326.0000,6723452.0000,4.3300,4.3300,0.3500,124.7316,21775.5000,0.0600,6409892.5120,,
2025-04-04,4.3500,,184.4990,313326.0000,6723452.0000,4.3300,4.3300,0.3300,125.8129,21775.5000,0.0600,6409892.5120,,
2025-04-05,4.3500,,184.4990,313326.0000,6723452.0000,4.3300,4.3300,0.3300,125.8129,21775.5000,0.0600,6409892.5120,,
2025-04-06,4.3500,,184.4990,313326.0000,6723452.0000,4.3300,4.3300,0.3300,125.8129,21775.5000,0.0600,6409892.5120,,
2025-04-07,4.3300,,148.1460,313326.0000,6723452.0000,4.3300,4.3300,0.4200,126.8282,21775.5000,0.0600,6409892.5120,,
2025-04-08,4.4000,,156.9110,313326.0000,6723452.0000,4.3300,4.3300,0.5500,126.8668,21775.5000,0.0600,6409892.5120,,
2025-04-09,4.4200,,168.1150,306049.0000,6727416.0000,,4.3300,0.4300,126.6280,,,6421198.8850,,
2025-04-10,4.3700,,129.9500,306049.0000,6727416.0000,,4.3300,0.5600,125.0890,,,6421198.8850,,
2025-04-11,4.3300,,98.5310,306049.0000,6727416.0000,,4.3300,0.5200,124.0163,,,6421198.8850,,
2025-04-12,4.3300,,98.5310,306049.0000,6727416.0000,,4.3300,0.5200,124.0163,,,6421198.8850,,
2025-04-13,4.3300,,98.5310,306049.0000,6727416.0000,,4.3300,0.5200,124.0163,,,6421198.8850,,
2025-04-14,4.3300,,102.8380,306049.0000,6727416.0000,,4.3300,0.5400,123.6598,,,6421198.8850,,
2025-04-15,4.3600,,88.8780,306049.0000,6727416.0000,,4.3300,0.5100,123.7760,,,6421198.8850,,
2025-04-16,4.3100,,54.7720,422983.0000,6727113.0000,,4.3300,0.5200,123.2724,,,6304075.2280,,
2025-04-17,4.3200,,58.6000,422983.0000,6727113.0000,,4.3300,0.5300,123.1298,,,6304075.2280,,
2025-04-18,4.3200,,58.6000,422983.0000,6727113.0000,,4.3300,0.5300,122.9865,,,6304075.2280,,
2025-04-19,4.3200,,58.6000,422983.0000,6727113.0000,,4.3300,0.5300,122.9865,,,6304075.2280,,
2025-04-20,4.3200,,58.6000,422983.0000,6727113.0000,,4.3300,0.5300,122.9865,,,6304075.2280,,
2025-04-21,4.3200,,114.1140,422983.0000,6727113.0000,,4.3300,0.6700,122.3145,,,6304075.2280,,
2025-04-22,4.3000,,137.9510,422983.0000,6727113.0000,,4.3300,0.6500,122.4175,,,6304075.2280,,
2025-04-23,4.2800,,171.7800,606632.0000,6726930.0000,,4.3300,0.5900,123.0252,,,6120126.2200,,-9.1254
2025-04-24,4.2900,,130.0040,606632.0000,6726930.0000,,4.3300,0.5500,122.9251,,,6120126.2200,,-9.1254
2025-04-25,4.3300,,94.0210,606632.0000,6726930.0000,,4.3300,0.5500,122.8858,,,6120126.2200,,-9.1254
2025-04-26,4.3300,,94.0210,606632.0000,6726930.0000,,4.3300,0.5500,122.8858,,,6120126.2200,,-9.1254
2025-04-27,4.3300,,94.0210,606632.0000,6726930.0000,,4.3300,0.5500,122.8858,,,6120126.2200,,-9.1254
2025-04-28,4.3600,,148.6490,606632.0000,6726930.0000,,4.3300,0.5600,122.7176,,,6120126.2200,3.8967,-9.1254
2025-04-29,4.3600,,157.5370,606632.0000,6726930.0000,,4.3300,0.5400,122.5944,,,6120126.2200,3.8967,-9.1254
2025-04-30,4.4100,,250.6010,595741.0000,6709277.0000,,4.3300,0.5700,122.5921,,,6113285.3990,3.8967,-8.8720
2025-05-01,4.3900,,157.3530,595741.0000,6709277.0000,4.3300,4.3300,0.5500,123.1405,21833.8000,0.0600,6113285.3990,3.8967,-8.8720
2025-05-02,4.3600,,147.8820,595741.0000,6709277.0000,4.3300,4.3300,0.5000,122.4962,21833.8000,0.0600,6113285.3990,3.8967,-8.8720
2025-05-03,4.3600,,147.8820,595741.0000,6709277.0000,4.3300,4.3300,0.5000,122.4962,21833.8000,0.0600,6113285.3990,3.8967,-8.8720
2025-05-04,4.3600,,147.8820,595741.0000,6709277.0000,4.3300,4.3300,0.5000,122.4962,21833.8000,0.0600,6113285.3990,3.8967,-8.8720
2025-05-05,4.3300,,124.6900,595741.0000,6709277.0000,4.3300,4.3300,0.5300,122.2613,21833.8000,0.0600,6113285.3990,3.8967,-8.8720
2025-05-06,4.3200,,129.8580,595741.0000,6709277.0000,4.3300,4.3300,0.5200,122.0417,21833.8000,0.0600,6113285.3990,,-8.8720
2025-05-07,4.3000,,154.8590,583727.0000,6710889.0000,4.3300,4.3300,0.4800,122.1170,21833.8000,0.0600,6127007.1410,,-8.7377
2025-05-08,4.2900,,139.7680,583727.0000,6710889.0000,4.3300,4.3300,0.4700,122.7568,21833.8000,0.0600,6127007.1410,,-8.7377
2025-05-09,4.2800,,142.2720,583727.0000,6710889.0000,,4.3300,0.4900,122.5191,,,6127007.1410,,-8.7377
2025-05-10,4.2800,,142.2720,583727.0000,6710889.0000,,4.3300,0.4900,122.5191,,,6127007.1410,,-8.7377
2025-05-11,4.2800,,142.2720,583727.0000,6710889.0000,,4.3300,0.4900,122.5191,,,6127007.1410,,-8.7377
2025-05-12,4.2800,,147.5050,583727.0000,6710889.0000,,4.3300,0.4700,123.4863,,,6127007.1410,,-8.7377
2025-05-13,4.3000,,144.2140,583727.0000,6710889.0000,,4.3300,0.4700,122.9583,,,6127007.1410,,-8.7377
2025-05-14,4.2900,,165.0240,575846.0000,6713270.0000,,4.3300,0.4800,122.6746,,,6137258.9760,,-8.0912
2025-05-15,4.3100,,109.4360,575846.0000,6713270.0000,,4.3300,0.4900,122.8174,,,6137258.9760,,-8.0912
2025-05-16,4.3000,,136.7990,575846.0000,6713270.0000,,4.3300,0.4500,123.0737,,,6137258.9760,,-8.0912
2025-05-17,4.3000,,136.7990,575846.0000,6713270.0000,,4.3300,0.4500,123.0737,,,6137258.9760,,-8.0912
2025-05-18,4.3000,,136.7990,575846.0000,6713270.0000,,4.3300,0.4500,123.0737,,,6137258.9760,,-8.0912
2025-05-19,4.2900,,180.4170,575846.0000,6713270.0000,,4.3300,0.4900,122.4186,,,6137258.9760,,-8.0912
2025-05-20,4.2700,,136.0330,575846.0000,6713270.0000,,4.3300,0.5100,122.3199,,,6137258.9760,,-8.0912
2025-05-21,4.2600,,162.8020,503055.0000,6688726.0000,,4.3300,0.5800,121.7496,,,6185508.1980,,-8.3682
2025-05-22,4.2600,,173.0180,503055.0000,6688726.0000,,4.3300,0.5400,122.0429,,,6185508.1980,,-8.3682
2025-05-23,4.2600,,154.8410,503055.0000,6688726.0000,,4.3300,0.5100,121.3837,,,6185508.1980,,-8.3682
2025-05-24,4.2600,,154.8410,503055.0000,6688726.0000,,4.3300,0.5100,121.3837,,,6185508.1980,,-8.3682
2025-05-25,4.2600,,154.8410,503055.0000,6688726.0000,,4.3300,0.5100,121.3837,,,6185508.1980,,-8.3682
2025-05-26,4.2600,,154.8410,503055.0000,6688726.0000,,4.3300,0.5100,121.3837,,,6185508.1980,,-8.3682
2025-05-27,4.3100,,138.0660,503055.0000,6688726.0000,,4.3300,0.5100,121.6099,,,6185508.1980,,-8.3682
2025-05-28,4.3300,,173.6410,467204.0000,6673244.0000,,4.3300,0.5100,121.9888,,,6205866.3590,3.8720,-8.3889
2025-05-29,4.3300,,165.6600,467204.0000,6673244.0000,,4.3300,0.5100,121.5617,,,6205866.3590,3.8720,-8.3889
2025-05-30,4.3500,,315.6570,467204.0000,6673244.0000,,4.3300,0.5200,121.7674,,,6205866.3590,3.8720,-8.3889
2025-05-31,4.3500,,315.6570,467204.0000,6673244.0000,,4.3300,0.5200,121.7674,,,6205866.3590,3.8720,-8.3889
2025-06-01,4.3500,,315.6570,467204.0000,6673244.0000,4.3300,4.3300,0.5200,121.7674,21938.7000,,6205866.3590,3.8720,-8.3889
2025-06-02,4.3500,,135.8410,467204.0000,6673244.0000,4.3300,4.3300,0.5200,121.1881,21938.7000,,6205866.3590,3.8720,-8.3889
2025-06-03,4.3200,,153.1770,467204.0000,6673244.0000,4.3300,4.3300,0.5000,121.4592,21938.7000,,6205866.3590,3.8720,-8.3889
2025-06-04,4.2800,,168.8820,378947.0000,6672885.0000,4.3300,4.3300,0.5000,121.0539,21938.7000,,6293769.1180,3.8720,-8.0323
2025-06-05,4.2900,,152.7270,378947.0000,6672885.0000,4.3300,4.3300,0.4800,120.9596,21938.7000,,6293769.1180,,-8.0323
2025-06-06,4.2900,,149.2840,378947.0000,6672885.0000,4.3300,4.3300,0.4700,121.1610,21938.7000,,6293769.1180,,-8.0323
2025-06-07,4.2900,,149.2840,378947.0000,6672885.0000,4.3300,4.3300,0.4700,121.1610,21938.7000,,6293769.1180,,-8.0323
2025-06-08,4.2900,,149.2840,378947.0000,6672885.0000,4.3300,4.3300,0.4700,121.1610,21938.7000,,6293769.1180,,-8.0323
2025-06-09,4.2900,,179.3150,378947.0000,6672885.0000,,4.3300,0.4800,120.9103,,,6293769.1180,,-8.0323
2025-06-10,4.2800,,182.7250,378947.0000,6672885.0000,,4.3300,0.4600,121.0485,,,6293769.1180,,-8.0323
2025-06-11,4.2800,,204.6250,332907.0000,6677155.0000,,4.3300,0.4700,120.5870,,,6344043.3750,,-8.0152
2025-06-12,4.2800,,181.4170,332907.0000,6677155.0000,,4.3300,0.4600,120.1723,,,6344043.3750,,-8.0152
2025-06-13,4.2800,,168.6450,332907.0000,6677155.0000,,4.3300,0.4500,120.3245,,,6344043.3750,,-8.0152
2025-06-14,4.2800,,168.6450,332907.0000,6677155.0000,,4.3300,0.4500,120.3245,,,6344043.3750,,-8.0152
2025-06-15,4.2800,,168.6450,332907.0000,6677155.0000,,4.3300,0.4500,120.3245,,,6344043.3750,,-8.0152
2025-06-16,4.3200,,140.7590,332907.0000,6677155.0000,,4.3300,0.4900,120.1565,,,6344043.3750,,-8.0152
2025-06-17,4.3100,,168.9390,332907.0000,6677155.0000,,4.3300,0.4500,120.5048,,,6344043.3750,,-8.0152
2025-06-18,4.2800,,205.0500,337762.0000,6681056.0000,,4.3300,0.4400,120.7305,,,6343088.9500,,-7.8798
2025-06-19,4.2800,,205.0500,337762.0000,6681056.0000,,4.3300,0.4400,120.7305,,,6343088.9500,,-7.8798
2025-06-20,4.2900,,138.2830,337762.0000,6681056.0000,,4.3300,0.4800,121.0408,,,6343088.9500,,-7.8798
2025-06-21,4.2900,,138.2830,337762.0000,6681056.0000,,4.3300,0.4800,121.0408,,,6343088.9500,,-7.8798
2025-06-22,4.2900,,138.2830,337762.0000,6681056.0000,,4.3300,0.4800,121.0408,,,6343088.9500,,-7.8798
2025-06-23,4.2900,,165.3190,337762.0000,6681056.0000,,4.3300,0.5000,121.1694,,,6343088.9500,,-7.8798
2025-06-24,4.3000,,187.3670,337762.0000,6681056.0000,,4.3300,0.5500,120.3645,,,6343088.9500,,-7.8798
2025-06-25,4.3600,,210.8790,364375.0000,6662200.0000,,4.3300,0.5500,120.3336,,,6297614.1210,,-7.8682
2025-06-26,4.4000,,252.4320,364375.0000,6662200.0000,,4.3300,0.5600,119.6451,,,6297614.1210,,-7.8682
2025-06-27,4.3900,,285.7420,364375.0000,6662200.0000,,4.3300,0.5600,119.6590,,,6297614.1210,,-7.8682
2025-06-28,4.3900,,285.7420,364375.0000,6662200.0000,,4.3300,0.5600,119.6590,,,6297614.1210,4.1343,-7.8682
2025-06-29,4.3900,,285.7420,364375.0000,6662200.0000,,4.3300,0.5600,119.6590,,,6297614.1210,4.1343,-7.8682
2025-06-30,4.4500,,460.7310,364375.0000,6662200.0000,,4.3300,0.5200,119.4088,,,6297614.1210,4.1343,-7.8682
2025-07-01,4.4400,,245.5300,364375.0000,6662200.0000,4.3300,4.3300,0.4800,119.3436,22019.9000,0.1100,6297614.1210,4.1343,-7.8682
2025-07-02,4.4000,,237.3070,359516.0000,6659598.0000,4.3300,4.3300,0.5200,119.3037,22019.9000,0.1100,6299844.6930,4.1343,-7.7812
2025-07-03,4.3500,,214.6650,359516.0000,6659598.0000,4.3300,4.3300,0.4700,119.2382,22019.9000,0.1100,6299844.6930,4.1343,-7.7812
2025-07-04,4.3500,,214.6650,359516.0000,6659598.0000,4.3300,4.3300,0.4700,119.2382,22019.9000,0.1100,6299844.6930,4.1343,-7.7812
2025-07-05,4.3500,,214.6650,359516.0000,6659598.0000,4.3300,4.3300,0.4700,119.2382,22019.9000,0.1100,6299844.6930,4.1343,-7.7812
2025-07-06,4.3500,,214.6650,359516.0000,6659598.0000,4.3300,4.3300,0.4700,119.2382,22019.9000,0.1100,6299844.6930,,-7.7812
2025-07-07,4.3300,,218.0300,359516.0000,6659598.0000,4.3300,4.3300,0.5000,119.6201,22019.9000,0.1100,6299844.6930,,-7.7812
2025-07-08,4.3400,,219.4150,359516.0000,6659598.0000,4.3300,4.3300,0.5200,119.8371,22019.9000,0.1100,6299844.6930,,-7.7812
2025-07-09,4.3200,,227.2730,319889.0000,6661912.0000,,4.3300,0.4800,119.7311,,,6341795.7270,,-7.7819
2025-07-10,4.3100,,183.3390,319889.0000,6661912.0000,,4.3300,0.4900,119.8343,,,6341795.7270,,-7.7819
2025-07-11,4.3100,,181.6370,319889.0000,6661912.0000,,4.3300,0.5300,119.9214,,,6341795.7270,,-7.7819
2025-07-12,4.3100,,181.6370,319889.0000,6661912.0000,,4.3300,0.5300,119.9214,,,6341795.7270,,-7.7819
2025-07-13,4.3100,,181.6370,319889.0000,6661912.0000,,4.3300,0.5300,119.9214,,,6341795.7270,,-7.7819
2025-07-14,4.3300,,217.8410,319889.0000,6661912.0000,,4.3300,0.5300,120.2209,,,6341795.7270,,-7.7819
2025-07-15,4.3700,,198.2770,319889.0000,6661912.0000,,4.3300,0.5500,120.5105,,,6341795.7270,,-7.7819
2025-07-16,4.3400,,197.0860,296247.0000,6659273.0000,,4.3300,0.5800,120.4175,,,6362828.9140,,-7.6159
2025-07-17,4.3400,,193.6600,296247.0000,6659273.0000,,4.3300,0.5600,120.6384,,,6362828.9140,,-7.6159
2025-07-18,4.3000,,199.2980,296247.0000,6659273.0000,,4.3300,0.5600,120.3560,,,6362828.9140,,-7.6159
2025-07-19,4.3000,,199.2980,296247.0000,6659273.0000,,4.3300,0.5600,120.3560,,,6362828.9140,,-7.6159
2025-07-20,4.3000,,199.2980,296247.0000,6659273.0000,,4.3300,0.5600,120.3560,,,6362828.9140,,-7.6159
2025-07-21,4.2800,,213.6660,296247.0000,6659273.0000,,4.3300,0.5300,119.9961,,,6362828.9140,,-7.6159
2025-07-22,4.2800,,196.3740,296247.0000,6659273.0000,,4.3300,0.5200,119.6810,,,6362828.9140,,-7.6159
2025-07-23,4.2800,,189.6320,323176.0000,6657715.0000,,4.3300,0.5200,119.5697,,,6334349.3680,,-7.6017
2025-07-24,4.3000,,132.1860,323176.0000,6657715.0000,,4.3300,0.5200,119.5664,,,6334349.3680,,-7.6017
2025-07-25,4.3600,,150.5090,323176.0000,6657715.0000,,4.3300,0.4900,119.9857,,,6334349.3680,,-7.6017
2025-07-26,4.3600,,150.5090,323176.0000,6657715.0000,,4.3300,0.4900,119.9857,,,6334349.3680,,-7.6017
2025-07-27,4.3600,,150.5090,323176.0000,6657715.0000,,4.3300,0.4900,119.9857,,,6334349.3680,,-7.6017
2025-07-28,4.3600,,170.4630,323176.0000,6657715.0000,,4.3300,0.5100,120.6149,,,6334349.3680,4.3874,-7.6017
2025-07-29,4.3600,,171.0180,323176.0000,6657715.0000,,4.3300,0.4800,120.9674,,,6334349.3680,4.3874,-7.6017
2025-07-30,4.3200,,155.4810,370507.0000,6642578.0000,,4.3300,0.4400,121.4042,,,6271915.5190,4.3874,-7.4642
2025-07-31,4.3900,,214.4450,370507.0000,6642578.0000,,4.3300,0.4300,121.7210,,,6271915.5190,4.3874,-7.4642
2025-08-01,4.3400,,97.4260,370507.0000,6642578.0000,4.3300,4.3300,0.5400,121.2122,22086.8000,0.0100,6271915.5190,4.3874,-7.4642
2025-08-02,4.3400,,97.4260,370507.0000,6642578.0000,4.3300,4.3300,0.5400,121.2122,22086.8000,0.0100,6271915.5190,4.3874,-7.4642
2025-08-03,4.3400,,97.4260,370507.0000,6642578.0000,4.3300,4.3300,0.5400,121.2122,22086.8000,0.0100,6271915.5190,4.3874,-7.4642
2025-08-04,4.3300,,125.7300,370507.0000,6642578.0000,4.3300,4.3300,0.5300,120.9859,22086.8000,0.0100,6271915.5190,4.3874,-7.4642
2025-08-05,4.3400,,84.3560,370507.0000,6642578.0000,4.3300,4.3300,0.5000,120.9082,22086.8000,0.0100,6271915.5190,,-7.4642
2025-08-06,4.3400,,91.9660,421043.0000,6640843.0000,4.3300,4.3300,0.5300,120.5082,22086.8000,0.0100,6219708.0340,,-7.4480
2025-08-07,4.3500,,77.9610,421043.0000,6640843.0000,4.3300,4.3300,0.5100,120.5043,22086.8000,0.0100,6219708.0340,,-7.4480
2025-08-08,4.3500,,80.3030,421043.0000,6640843.0000,4.3300,4.3300,0.5100,120.3329,22086.8000,0.0100,6219708.0340,,-7.4480
2025-08-09,4.3500,,80.3030,421043.0000,6640843.0000,,4.3300,0.5100,120.3329,,,6219708.0340,,-7.4480
2025-08-10,4.3500,,80.3030,421043.0000,6640843.0000,,4.3300,0.5100,120.3329,,,6219708.0340,,-7.4480
2025-08-11,4.3400,,82.2140,421043.0000,6640843.0000,,4.3300,0.5100,120.6892,,,6219708.0340,,-7.4480
2025-08-12,4.3600,,57.4920,421043.0000,6640843.0000,,4.3300,0.5700,120.2736,,,6219708.0340,,-7.4480
2025-08-13,4.3300,,57.2020,504304.0000,6643615.0000,,4.3300,0.5700,120.1300,,,6139253.7980,,-7.4407
2025-08-14,4.3400,,28.8180,504304.0000,6643615.0000,,4.3300,0.5500,120.6446,,,6139253.7980,,-7.4407
2025-08-15,4.3600,,33.7570,504304.0000,6643615.0000,,4.3300,0.5800,120.3377,,,6139253.7980,,-7.4407
2025-08-16,4.3600,,33.7570,504304.0000,6643615.0000,,4.3300,0.5800,120.3377,,,6139253.7980,,-7.4407
2025-08-17,4.3600,,33.7570,504304.0000,6643615.0000,,4.3300,0.5800,120.3377,,,6139253.7980,,-7.4407
2025-08-18,4.3400,,38.2400,504304.0000,6643615.0000,,4.3300,0.5700,120.5622,,,6139253.7980,,-7.4407
2025-08-19,4.3300,,22.3440,504304.0000,6643615.0000,,4.3300,0.5500,120.7224,,,6139253.7980,,-7.4407
2025-08-20,4.3100,,34.9990,519534.0000,6618415.0000,,4.3300,0.5500,120.7757,,,6098846.0010,,-7.3045
2025-08-21,4.3200,,25.3580,519534.0000,6618415.0000,,4.3300,0.5400,121.0843,,,6098846.0010,,-7.3045
2025-08-22,4.3600,,36.2750,519534.0000,6618415.0000,,4.3300,0.5800,120.2774,,,6098846.0010,,-7.3045
2025-08-23,4.3600,,36.2750,519534.0000,6618415.0000,,4.3300,0.5800,120.2774,,,6098846.0010,,-7.3045
2025-08-24,4.3600,,36.2750,519534.0000,6618415.0000,,4.3300,0.5800,120.2774,,,6098846.0010,,-7.3045
2025-08-25,4.3700,,47.5670,519534.0000,6618415.0000,,4.3300,0.5500,120.4214,,,6098846.0010,,-7.3045
2025-08-26,4.3800,,28.5740,519534.0000,6618415.0000,,4.3300,0.6500,120.5274,,,6098846.0010,,-7.3045
2025-08-27,4.3600,,34.7440,589998.0000,6603384.0000,,4.3300,0.6500,120.7274,,,6013351.2560,,-7.2980
2025-08-28,4.3400,,31.9660,589998.0000,6603384.0000,,4.3300,0.6000,120.2595,,,6013351.2560,4.2528,-7.2980
2025-08-29,4.3400,,77.8980,589998.0000,6603384.0000,,4.3300,0.6400,120.2082,,,6013351.2560,4.2528,-7.2980
2025-08-30,4.3400,,77.8980,589998.0000,6603384.0000,,4.3300,0.6400,120.2082,,,6013351.2560,4.2528,-7.2980
2025-08-31,4.3400,,77.8980,589998.0000,6603384.0000,,4.3300,0.6400,120.2082,,,6013351.2560,4.2528,-7.2980
2025-09-01,4.3400,,77.8980,589998.0000,6603384.0000,4.2200,4.3300,0.6400,120.2082,22169.8000,,6013351.2560,4.2528,-7.2980
2025-09-02,4.3900,,21.0660,589998.0000,6603384.0000,4.2200,4.3300,0.6200,120.6837,22169.8000,,6013351.2560,4.2528,-7.2980
2025-09-03,4.3900,,17.9230,597513.0000,6602071.0000,4.2200,4.3300,0.6100,120.5052,22169.8000,,6004540.0770,4.2528,-7.1774
2025-09-04,4.4100,,20.1280,597513.0000,6602071.0000,4.2200,4.3300,0.5800,120.7629,22169.8000,,6004540.0770,4.2528,-7.1774
2025-09-05,4.4200,,20.9970,597513.0000,6602071.0000,4.2200,4.3300,0.5900,120.1282,22169.8000,,6004540.0770,,-7.1774
2025-09-06,4.4200,,20.9970,597513.0000,6602071.0000,4.2200,4.3300,0.5900,120.1282,22169.8000,,6004540.0770,,-7.1774
2025-09-07,4.4200,,20.9970,597513.0000,6602071.0000,4.2200,4.3300,0.5900,120.1282,22169.8000,,6004540.0770,,-7.1774
2025-09-08,4.4000,,19.4160,597513.0000,6602071.0000,4.2200,4.3300,0.5600,120.0971,22169.8000,,6004540.0770,,-7.1774
2025-09-09,4.4000,,22.9150,597513.0000,6602071.0000,,4.3300,0.5400,120.1569,,,6004540.0770,,-7.1774
2025-09-10,4.3900,,29.4000,672274.0000,6605962.0000,,4.3300,0.5000,120.1223,,,5933658.6000,,-7.1544
2025-09-11,4.4100,,26.8970,672274.0000,6605962.0000,,4.3300,0.4900,119.9534,,,5933658.6000,,-7.1544
2025-09-12,4.4200,,17.3310,672274.0000,6605962.0000,,4.3300,0.5000,120.0611,,,5933658.6000,,-7.1544
2025-09-13,4.4200,,17.3310,672274.0000,6605962.0000,,4.3300,0.5000,120.0611,,,5933658.6000,,-7.1544
2025-09-14,4.4200,,17.3310,672274.0000,6605962.0000,,4.3300,0.5000,120.0611,,,5933658.6000,,-7.1544
2025-09-15,4.5100,,16.9540,672274.0000,6605962.0000,,4.3300,0.5100,119.5644,,,5933658.6000,,-7.1544
2025-09-16,4.3900,,18.8170,672274.0000,6605962.0000,,4.3300,0.5300,119.1348,,,5933658.6000,,-7.1544
2025-09-17,4.3800,,13.9630,756376.0000,6608597.0000,,4.3300,0.5400,119.1582,,,5852207.0370,,-7.0408
2025-09-18,4.1400,,13.7070,756376.0000,6608597.0000,,4.0800,0.5400,119.6616,,,5852207.0370,,-7.0408
2025-09-19,4.1400,,11.3630,756376.0000,6608597.0000,,4.0800,0.5700,119.7858,,,5852207.0370,,-7.0408
2025-09-20,4.1400,,11.3630,756376.0000,6608597.0000,,4.0800,0.5700,119.7858,,,5852207.0370,,-7.0408
2025-09-21,4.1400,,11.3630,756376.0000,6608597.0000,,4.0800,0.5700,119.7858,,,5852207.0370,,-7.0408
2025-09-22,4.1400,,14.1730,756376.0000,6608597.0000,,4.0900,0.5400,119.8152,,,5852207.0370,,-7.0408
2025-09-23,4.1200,,14.4020,756376.0000,6608597.0000,,4.0900,0.5900,119.6202,,,5852207.0370,,-7.0408
2025-09-24,4.1300,,29.1720,804856.0000,6608395.0000,,4.0900,0.5900,120.1707,,,5803509.8280,,-6.6619
2025-09-25,4.1800,,25.3690,804856.0000,6608395.0000,,4.0900,0.5400,120.5419,,,5803509.8280,,-6.6619
2025-09-26,4.1600,,48.0730,804856.0000,6608395.0000,,4.0900,0.5700,120.4349,,,5803509.8280,,-6.6619
2025-09-27,4.1600,,48.0730,804856.0000,6608395.0000,,4.0900,0.5700,120.4349,,,5803509.8280,,-6.6619
2025-09-28,4.1600,,48.0730,804856.0000,6608395.0000,,4.0900,0.5700,120.4349,,,5803509.8280,4.2372,-6.6619
2025-09-29,4.1300,,56.2200,804856.0000,6608395.0000,,4.0900,0.5200,120.1150,,,5803509.8280,4.2372,-6.6619
2025-09-30,4.2400,,49.0710,804856.0000,6608395.0000,,4.0900,0.5600,120.1368,,,5803509.8280,4.2372,-6.6619
2025-10-01,4.2000,,10.1790,805139.0000,6587119.0000,4.0900,4.0900,0.5700,120.1502,22250.4000,0.1100,5781969.8210,4.2372,-6.5249
2025-10-02,4.2000,,8.4360,805139.0000,6587119.0000,4.0900,4.0900,0.5500,120.4296,22250.4000,0.1100,5781969.8210,4.2372,-6.5249
2025-10-03,4.1800,,25.3920,805139.0000,6587119.0000,4.0900,4.0900,0.5500,120.0881,22250.4000,0.1100,5781969.8210,4.2372,-6.5249
2025-10-04,4.1800,,25.3920,805139.0000,6587119.0000,4.0900,4.0900,0.5500,120.0881,22250.4000,0.1100,5781969.8210,4.2372,-6.5249
2025-10-05,4.1800,,25.3920,805139.0000,6587119.0000,4.0900,4.0900,0.5500,120.0881,22250.4000,0.1100,5781969.8210,4.2372,-6.5249
2025-10-06,4.1500,,21.7760,805139.0000,6587119.0000,4.0900,4.0900,0.5800,120.2722,22250.4000,0.1100,5781969.8210,,-6.5249
2025-10-07,4.1400,,4.6220,805139.0000,6587119.0000,4.0900,4.0900,0.5700,120.4884,22250.4000,0.1100,5781969.8210,,-6.5249
2025-10-08,4.1200,,5.2310,807428.0000,6590815.0000,4.0900,4.1000,0.5500,120.7766,22250.4000,0.1100,5783381.7690,,-6.4713
2025-10-09,4.1300,,4.4960,807428.0000,6590815.0000,,4.1000,0.5400,121.0902,,,5783381.7690,,-6.4713
2025-10-10,4.1500,,4.1240,807428.0000,6590815.0000,,4.1000,0.5300,121.1163,,,5783381.7690,,-6.4713
2025-10-11,4.1500,,4.1240,807428.0000,6590815.0000,,4.1000,0.5300,121.1163,,,5783381.7690,,-6.4713
2025-10-12,4.1500,,4.1240,807428.0000,6590815.0000,,4.1000,0.5300,121.1163,,,5783381.7690,,-6.4713
2025-10-13,4.1500,,4.1240,807428.0000,6590815.0000,,4.1000,0.5300,121.1163,,,5783381.7690,,-6.4713
2025-10-14,4.1900,,3.5160,807428.0000,6590815.0000,,4.1000,0.5500,121.1822,,,5783381.7690,,-6.4713
2025-10-15,4.2900,,5.4840,809593.0000,6596454.0000,,4.1000,0.5500,120.8642,,,5786855.5160,,-6.2908
2025-10-16,4.3000,,6.9600,809593.0000,6596454.0000,,4.1100,0.5800,120.6698,,,5786855.5160,,-6.2908
2025-10-17,4.1800,,4.1020,809593.0000,6596454.0000,,4.1100,0.5600,120.7028,,,5786855.5160,,-6.2908
2025-10-18,4.1800,,4.1020,809593.0000,6596454.0000,,4.1100,0.5600,120.7028,,,5786855.5160,,-6.2908
2025-10-19,4.1800,,4.1020,809593.0000,6596454.0000,,4.1100,0.5600,120.7028,,,5786855.5160,,-6.2908
2025-10-20,4.1600,,5.9310,809593.0000,6596454.0000,,4.1100,0.5400,120.6209,,,5786855.5160,,-6.2908
2025-10-21,4.2300,,4.6990,809593.0000,6596454.0000,,4.1100,0.5300,120.8895,,,5786855.5160,,-6.2908
2025-10-22,4.2100,,4.0050,908001.0000,6589533.0000,,4.1100,0.5200,120.8958,,,5681527.9950,,-6.2576
2025-10-23,4.2400,,6.9410,908001.0000,6589533.0000,,4.1100,0.5300,120.9531,,,5681527.9950,,-6.2576
2025-10-24,4.2400,,2.4350,908001.0000,6589533.0000,,4.1100,0.5400,120.9345,,,5681527.9950,,-6.2576
2025-10-25,4.2400,,2.4350,908001.0000,6589533.0000,,4.1100,0.5400,120.9345,,,5681527.9950,,-6.2576
2025-10-26,4.2400,,2.4350,908001.0000,6589533.0000,,4.1100,0.5400,120.9345,,,5681527.9950,,-6.2576
2025-10-27,4.2700,,10.6420,908001.0000,6589533.0000,,4.1200,0.5300,120.7988,,,5681527.9950,,-6.2576
2025-10-28,4.3100,,14.0960,908001.0000,6589533.0000,,4.1200,0.5200,120.6361,,,5681527.9950,4.3102,-6.2576
2025-10-29,4.2700,,19.5040,957990.0000,6587034.0000,,4.1200,0.4900,120.5312,,,5629024.4960,4.3102,-6.0805
2025-10-30,4.0400,,19.1660,957990.0000,6587034.0000,,3.8700,0.5000,121.2832,,,5629024.4960,4.3102,-6.0805
2025-10-31,4.2200,,51.8020,957990.0000,6587034.0000,,3.8600,0.5100,121.3859,,,5629024.4960,4.3102,-6.0805
2025-11-01,4.2200,,51.8020,957990.0000,6587034.0000,3.8800,3.8600,0.5100,121.3859,22296.5000,,5629024.4960,4.3102,-6.0805
2025-11-02,4.2200,,51.8020,957990.0000,6587034.0000,3.8800,3.8600,0.5100,121.3859,22296.5000,,5629024.4960,4.3102,-6.0805
2025-11-03,4.1300,,23.7920,957990.0000,6587034.0000,3.8800,3.8700,0.5300,121.4512,22296.5000,,5629024.4960,4.3102,-6.0805
2025-11-04,4.0000,,16.9830,957990.0000,6587034.0000,3.8800,3.8700,0.5200,121.8271,22296.5000,,5629024.4960,4.3102,-6.0805
2025-11-05,3.9100,,12.8140,940979.0000,6572732.0000,3.8800,3.8700,0.5400,121.8482,22296.5000,,5631740.1860,,-6.0273
2025-11-06,3.9200,,10.7540,940979.0000,6572732.0000,3.8800,3.8700,0.5400,121.6948,22296.5000,,5631740.1860,,-6.0273
2025-11-07,3.9300,,4.9030,940979.0000,6572732.0000,3.8800,3.8700,0.5600,121.3880,22296.5000,,5631740.1860,,-6.0273
2025-11-08,3.9300,,4.9030,940979.0000,6572732.0000,3.8800,3.8700,0.5600,121.3880,22296.5000,,5631740.1860,,-6.0273
2025-11-09,3.9300,,4.9030,940979.0000,6572732.0000,,3.8700,0.5600,121.3880,,,5631740.1860,,-6.0273
2025-11-10,3.9500,,7.1520,940979.0000,6572732.0000,,3.8700,0.5500,121.2984,,,5631740.1860,,-6.0273
2025-11-11,3.9500,,7.1520,940979.0000,6572732.0000,,3.8700,0.5500,121.2984,,,5631740.1860,,-6.0273
2025-11-12,3.9800,,5.8860,953816.0000,6580462.0000,,3.8700,0.5200,121.0458,,,5626640.1140,,-5.5496
2025-11-13,4.0000,,3.7610,953816.0000,6580462.0000,,3.8800,0.5300,120.7725,,,5626640.1140,,-5.5496
2025-11-14,3.9500,,1.5590,953816.0000,6580462.0000,,3.8800,0.5200,120.9666,,,5626640.1140,,-5.5496
2025-11-15,3.9500,,1.5590,953816.0000,6580462.0000,,3.8800,0.5200,120.9666,,,5626640.1140,,-5.5496
2025-11-16,3.9500,,1.5590,953816.0000,6580462.0000,,3.8800,0.5200,120.9666,,,5626640.1140,,-5.5496
2025-11-17,4.0000,,3.1720,953816.0000,6580462.0000,,3.8800,0.5300,121.1146,,,5626640.1140,,-5.5496
2025-11-18,3.9400,,0.9050,953816.0000,6580462.0000,,3.8800,0.5400,121.2127,,,5626640.1140,,-5.5496
2025-11-19,3.9100,,1.1290,941926.0000,6555283.0000,,3.8800,0.5500,121.4978,,,5613355.8710,,-5.3215
2025-11-20,3.9100,,6.5200,941926.0000,6555283.0000,,3.8800,0.5500,121.6889,,,5613355.8710,,-5.3215
2025-11-21,3.9300,,2.5030,941926.0000,6555283.0000,,3.8800,0.5500,121.8653,,,5613355.8710,,-5.3215
2025-11-22,3.9300,,2.5030,941926.0000,6555283.0000,,3.8800,0.5500,121.8653,,,5613355.8710,,-5.3215
2025-11-23,3.9300,,2.5030,941926.0000,6555283.0000,,3.8800,0.5500,121.8653,,,5613355.8710,,-5.3215
2025-11-24,3.9600,,1.0770,941926.0000,6555283.0000,,3.8800,0.5800,121.9171,,,5613355.8710,,-5.3215
2025-11-25,4.0100,,2.3140,941926.0000,6555283.0000,,3.8800,0.5800,121.6335,,,5613355.8710,,-5.3215
2025-11-26,4.0500,,2.2170,903394.0000,6552419.0000,,3.8800,0.5500,121.2437,,,5649022.7830,,-5.1081
2025-11-27,4.0500,,2.2170,903394.0000,6552419.0000,,3.8800,0.5500,121.2437,,,5649022.7830,,-5.1081
2025-11-28,4.1200,,7.5610,903394.0000,6552419.0000,,3.8900,0.5500,121.0527,,,5649022.7830,3.9386,-5.1081
2025-11-29,4.1200,,7.5610,903394.0000,6552419.0000,,3.8900,0.5500,121.0527,,,5649022.7830,3.9386,-5.1081
2025-11-30,4.1200,,7.5610,903394.0000,6552419.0000,,3.8900,0.5500,121.0527,,,5649022.7830,3.9386,-5.1081
2025-12-01,4.1200,,3.2400,903394.0000,6552419.0000,3.7200,3.8900,0.5500,120.9862,22386.9000,0.4000,5649022.7830,3.9386,-5.1081
2025-12-02,4.0100,,5.6200,903394.0000,6552419.0000,3.7200,3.8900,0.5800,121.1467,22386.9000,0.4000,5649022.7830,3.9386,-5.1081
2025-12-03,3.9500,,2.5140,937167.0000,6535781.0000,3.7200,3.8900,0.5700,120.7336,22386.9000,0.4000,5598611.4860,3.9386,-5.2212
2025-12-04,3.9200,,2.2330,937167.0000,6535781.0000,3.7200,3.8900,0.5900,120.6766,22386.9000,0.4000,5598611.4860,3.9386,-5.2212
2025-12-05,3.9300,,1.4850,937167.0000,6535781.0000,3.7200,3.8900,0.5800,120.6863,22386.9000,0.4000,5598611.4860,3.9386,-5.2212
2025-12-06,3.9300,,1.4850,937167.0000,6535781.0000,3.7200,3.8900,0.5800,120.6863,22386.9000,0.4000,5598611.4860,,-5.2212
2025-12-07,3.9300,,1.4850,937167.0000,6535781.0000,3.7200,3.8900,0.5800,120.6863,22386.9000,0.4000,5598611.4860,,-5.2212
2025-12-08,3.9500,,1.7030,937167.0000,6535781.0000,3.7200,3.8900,0.6000,120.7760,22386.9000,0.4000,5598611.4860,,-5.2212
2025-12-09,3.9300,,3.2110,937167.0000,6535781.0000,,3.8900,0.5700,120.6832,,,5598611.4860,,-5.2212
2025-12-10,3.9000,,5.0450,858946.0000,6539303.0000,,3.8900,0.5900,120.6752,,,5680351.9550,,-5.1929
2025-12-11,3.6600,,2.8740,858946.0000,6539303.0000,,3.6400,0.6200,119.9800,,,5680351.9550,,-5.1929
2025-12-12,3.6700,,0.8380,858946.0000,6539303.0000,,3.6400,0.6700,120.1442,,,5680351.9550,,-5.1929
2025-12-13,3.6700,,0.8380,858946.0000,6539303.0000,,3.6400,0.6700,120.1442,,,5680351.9550,,-5.1929
2025-12-14,3.6700,,0.8380,858946.0000,6539303.0000,,3.6400,0.6700,120.1442,,,5680351.9550,,-5.1929
2025-12-15,3.7500,,2.6010,858946.0000,6539303.0000,,3.6400,0.6700,119.9561,,,5680351.9550,,-5.1929
2025-12-16,3.6900,,1.5540,858946.0000,6539303.0000,,3.6400,0.6700,119.8902,,,5680351.9550,,-5.1929
2025-12-17,3.6900,,10.3610,833093.0000,6556861.0000,,3.6400,0.6700,120.1550,,,5723757.6390,,-4.8259
2025-12-18,3.6600,,11.7080,833093.0000,6556861.0000,,3.6400,0.6600,120.0528,,,5723757.6390,,-4.8259
2025-12-19,3.6600,,3.0470,833093.0000,6556861.0000,,3.6400,0.6800,120.1652,,,5723757.6390,,-4.8259
2025-12-20,3.6600,,3.0470,833093.0000,6556861.0000,,3.6400,0.6800,120.1652,,,5723757.6390,,-4.8259
2025-12-21,3.6600,,3.0470,833093.0000,6556861.0000,,3.6400,0.6800,120.1652,,,5723757.6390,,-4.8259
2025-12-22,3.6800,,1.5230,833093.0000,6556861.0000,,3.6400,0.7300,119.9912,,,5723757.6390,,-4.8259
2025-12-23,3.6600,,5.8930,833093.0000,6556861.0000,,3.6400,0.7000,119.7057,,,5723757.6390,,-4.8259
2025-12-24,3.6600,,4.8030,837120.0000,6581231.0000,,3.6400,0.6800,119.4372,,,5744106.1970,,-4.4254
2025-12-25,3.6600,,4.8030,837120.0000,6581231.0000,,3.6400,0.6800,119.4372,,,5744106.1970,,-4.4254
2025-12-26,3.7600,,20.3390,837120.0000,6581231.0000,,3.6400,0.6800,119.4723,,,5744106.1970,,-4.4254
2025-12-27,3.7600,,20.3390,837120.0000,6581231.0000,,3.6400,0.6800,119.4723,,,5744106.1970,,-4.4254
2025-12-28,3.7600,,20.3390,837120.0000,6581231.0000,,3.6400,0.6800,119.4723,,,5744106.1970,4.1964,-4.4254
2025-12-29,3.7700,,10.5510,837120.0000,6581231.0000,,3.6400,0.6700,119.5899,,,5744106.1970,4.1964,-4.4254
2025-12-30,3.7100,,12.6050,837120.0000,6581231.0000,,3.6400,0.6900,119.4939,,,5744106.1970,4.1964,-4.4254
2025-12-31,3.8700,,105.9930,837306.0000,6640618.0000,,3.6400,0.7100,119.7456,,,5803206.0070,4.1964,-3.0919
2026-01-01,3.8700,,105.9930,837306.0000,6640618.0000,3.6400,3.6400,0.7100,119.7456,22469.1000,,5803206.0070,4.1964,-3.0919
2026-01-02,3.7500,,5.6670,837306.0000,6640618.0000,3.6400,3.6400,0.7200,119.6059,22469.1000,,5803206.0070,4.1964,-3.0919
2026-01-03,3.7500,,5.6670,837306.0000,6640618.0000,3.6400,3.6400,0.7200,119.6059,22469.1000,,5803206.0070,4.1964,-3.0919
2026-01-04,3.7500,,5.6670,837306.0000,6640618.0000,3.6400,3.6400,0.7200,119.6059,22469.1000,,5803206.0070,4.1964,-3.0919
2026-01-05,3.7000,,6.4850,837306.0000,6640618.0000,3.6400,3.6400,0.7100,119.6192,22469.1000,,5803206.0070,,-3.0919
2026-01-06,3.6600,,2.5820,837306.0000,6640618.0000,3.6400,3.6400,0.7100,119.7807,22469.1000,,5803206.0070,,-3.0919
2026-01-07,3.6500,,4.5820,796148.0000,6573602.0000,3.6400,3.6400,0.6800,119.8719,22469.1000,,5777449.4180,,-4.0848
2026-01-08,3.6400,,3.0830,796148.0000,6573602.0000,3.6400,3.6400,0.7000,120.0904,22469.1000,,5777449.4180,,-4.0848
2026-01-09,3.6400,,3.2800,796148.0000,6573602.0000,,3.6400,0.6400,120.2215,,,5777449.4180,,-4.0848
2026-01-10,3.6400,,3.2800,796148.0000,6573602.0000,,3.6400,0.6400,120.2215,,,5777449.4180,,-4.0848
2026-01-11,3.6400,,3.2800,796148.0000,6573602.0000,,3.6400,0.6400,120.2215,,,5777449.4180,,-4.0848
2026-01-12,3.6400,,3.4020,796148.0000,6573602.0000,,3.6400,0.6500,119.9958,,,5777449.4180,,-4.0848
2026-01-13,3.6500,,3.2770,796148.0000,6573602.0000,,3.6400,0.6500,120.1401,,,5777449.4180,,-4.0848
2026-01-14,3.6400,,3.2230,779175.0000,6581700.0000,,3.6400,0.6400,119.9537,,,5802521.7770,,-3.6928
2026-01-15,3.6600,,2.0030,779175.0000,6581700.0000,,3.6400,0.6100,119.9951,,,5802521.7770,,-3.6928
2026-01-16,3.6500,,1.2220,779175.0000,6581700.0000,,3.6400,0.6500,120.0838,,,5802521.7770,,-3.6928
2026-01-17,3.6500,,1.2220,779175.0000,6581700.0000,,3.6400,0.6500,120.0838,,,5802521.7770,,-3.6928
2026-01-18,3.6500,,1.2220,779175.0000,6581700.0000,,3.6400,0.6500,120.0838,,,5802521.7770,,-3.6928
2026-01-19,3.6500,,1.2220,779175.0000,6581700.0000,,3.6400,0.6500,120.0838,,,5802521.7770,,-3.6928
2026-01-20,3.6400,,3.5060,779175.0000,6581700.0000,,3.6400,0.7000,119.4455,,,5802521.7770,,-3.6928
2026-01-21,3.6300,,3.3440,869261.0000,6584580.0000,,3.6400,0.6600,119.3431,,,5715315.6560,,-3.6181
2026-01-22,3.6400,,2.0580,869261.0000,6584580.0000,,3.6400,0.6500,119.1962,,,5715315.6560,,-3.6181
2026-01-23,3.6500,,0.9270,869261.0000,6584580.0000,,3.6400,0.6400,118.8976,,,5715315.6560,,-3.6181
2026-01-24,3.6500,,0.9270,869261.0000,6584580.0000,,3.6400,0.6400,118.8976,,,5715315.6560,,-3.6181
2026-01-25,3.6500,,0.9270,869261.0000,6584580.0000,,3.6400,0.6400,118.8976,,,5715315.6560,,-3.6181
2026-01-26,3.6600,,1.4890,869261.0000,6584580.0000,,3.6400,0.6600,118.0525,,,5715315.6560,,-3.6181
2026-01-27,3.6600,,1.2530,869261.0000,6584580.0000,,3.6400,0.7100,117.4523,,,5715315.6560,,-3.6181
2026-01-28,3.6400,,1.1030,923042.0000,6587568.0000,,3.6400,0.7000,117.5117,,,5664524.8970,4.2766,-3.3824
2026-01-29,3.6500,,2.8520,923042.0000,6587568.0000,,3.6400,0.7100,117.4396,,,5664524.8970,4.2766,-3.3824
2026-01-30,3.6800,,9.6290,923042.0000,6587568.0000,,3.6400,0.7400,117.8996,,,5664524.8970,4.2766,-3.3824
2026-01-31,3.6800,,9.6290,923042.0000,6587568.0000,,3.6400,0.7400,117.8996,,,5664524.8970,4.2766,-3.3824
2026-02-01,3.6800,,9.6290,923042.0000,6587568.0000,3.6400,3.6400,0.7400,117.8996,22667.3000,,5664524.8970,4.2766,-3.3824
2026-02-02,3.6900,,10.4150,923042.0000,6587568.0000,3.6400,3.6400,0.7200,118.3609,22667.3000,,5664524.8970,4.2766,-3.3824
2026-02-03,3.6900,,1.7850,923042.0000,6587568.0000,3.6400,3.6400,0.7100,117.9764,22667.3000,,5664524.8970,4.2766,-3.3824
2026-02-04,3.6500,,2.4140,908773.0000,6605909.0000,3.6400,3.6400,0.7200,118.2602,22667.3000,,5697133.5860,4.2766,-3.0102
2026-02-05,3.6500,,1.7480,908773.0000,6605909.0000,3.6400,3.6400,0.7400,118.5034,22667.3000,,5697133.5860,,-3.0102
2026-02-06,3.6400,,3.1110,908773.0000,6605909.0000,3.6400,3.6400,0.7200,118.2407,22667.3000,,5697133.5860,,-3.0102
2026-02-07,3.6400,,3.1110,908773.0000,6605909.0000,3.6400,3.6400,0.7200,118.2407,22667.3000,,5697133.5860,,-3.0102
2026-02-08,3.6400,,3.1110,908773.0000,6605909.0000,3.6400,3.6400,0.7200,118.2407,22667.3000,,5697133.5860,,-3.0102
2026-02-09,3.6300,,1.3060,908773.0000,6605909.0000,,3.6400,0.7400,117.6392,,,5697133.5860,,-3.0102
2026-02-10,3.6500,,1.4470,908773.0000,6605909.0000,,3.6400,0.7100,117.5216,,,5697133.5860,,-3.0102
2026-02-11,3.6500,,1.0480,915306.0000,6622382.0000,,3.6400,0.6600,117.4601,,,5707074.9520,,-2.8052
2026-02-12,3.6500,,2.8440,915306.0000,6622382.0000,,3.6400,0.6200,117.5376,,,5707074.9520,,-2.8052
2026-02-13,3.6600,,0.3770,915306.0000,6622382.0000,,3.6400,0.6400,117.5258,,,5707074.9520,,-2.8052
2026-02-14,3.6600,,0.3770,915306.0000,6622382.0000,,3.6400,0.6400,117.5258,,,5707074.9520,,-2.8052
2026-02-15,3.6600,,0.3770,915306.0000,6622382.0000,,3.6400,0.6400,117.5258,,,5707074.9520,,-2.8052
2026-02-16,3.6600,,0.3770,915306.0000,6622382.0000,,3.6400,0.6400,117.5258,,,5707074.9520,,-2.8052
2026-02-17,3.7100,,0.4410,915306.0000,6622382.0000,,3.6400,0.6200,117.7375,,,5707074.9520,,-2.8052
2026-02-18,3.7300,,0.8560,912727.0000,6613395.0000,,3.6400,0.6200,117.8426,,,5700667.1440,,-2.4908
2026-02-19,3.6700,,0.6320,912727.0000,6613395.0000,,3.6400,0.6100,118.2354,,,5700667.1440,,-2.4908
2026-02-20,3.6600,,0.4960,912727.0000,6613395.0000,,3.6400,0.6000,117.9917,,,5700667.1440,,-2.4908
2026-02-21,3.6600,,0.4960,912727.0000,6613395.0000,,3.6400,0.6000,117.9917,,,5700667.1440,,-2.4908
2026-02-22,3.6600,,0.4960,912727.0000,6613395.0000,,3.6400,0.6000,117.9917,,,5700667.1440,,-2.4908
2026-02-23,3.6600,,0.8770,912727.0000,6613395.0000,,3.6400,0.6000,117.9395,,,5700667.1440,,-2.4908
2026-02-24,3.6700,,0.9170,912727.0000,6613395.0000,,3.6400,0.6100,117.9463,,,5700667.1440,,-2.4908
2026-02-25,3.6700,,1.1590,887612.0000,6613797.0000,,3.6400,0.6000,117.7690,,,5726183.8410,,-2.2510
2026-02-26,3.6700,,3.7960,887612.0000,6613797.0000,,3.6400,0.6000,117.9042,,,5726183.8410,,-2.2510
2026-02-27,3.6800,,16.3180,887612.0000,6613797.0000,,3.6400,0.5900,117.8223,,,5726183.8410,,-2.2510
2026-02-28,3.6800,,16.3180,887612.0000,6613797.0000,,3.6400,0.5900,117.8223,,,5726183.8410,4.8771,-2.2510
2026-03-01,3.6800,,16.3180,887612.0000,6613797.0000,3.6400,3.6400,0.5900,117.8223,,,5726183.8410,4.8771,-2.2510
2026-03-02,3.7100,,0.6270,887612.0000,6613797.0000,3.6400,3.6400,0.5800,118.6670,,,5726183.8410,4.8771,-2.2510
2026-03-03,3.7000,,1.2030,887612.0000,6613797.0000,3.6400,3.6400,0.5500,119.4341,,,5726183.8410,4.8771,-2.2510
2026-03-04,3.6700,,0.8770,832053.0000,6628894.0000,3.6400,3.6400,0.5500,119.0705,,,5796840.1230,4.8771,-1.8925
2026-03-05,3.6600,,2.7930,832053.0000,6628894.0000,3.6400,3.6400,0.5600,119.5683,,,5796840.1230,4.8771,-1.8925
2026-03-06,3.6500,,1.5120,832053.0000,6628894.0000,3.6400,3.6400,0.5900,119.4910,,,5796840.1230,4.8771,-1.8925
2026-03-07,3.6500,,1.5120,832053.0000,6628894.0000,3.6400,3.6400,0.5900,119.4910,,,5796840.1230,4.8771,-1.8925
2026-03-08,3.6500,,1.5120,832053.0000,6628894.0000,3.6400,3.6400,0.5900,119.4910,,,5796840.1230,,-1.8925
2026-03-09,3.6500,,0.3320,832053.0000,6628894.0000,,3.6400,0.5600,119.5151,,,5796840.1230,,-1.8925
2026-03-10,3.6400,,0.2780,832053.0000,6628894.0000,,3.6400,0.5800,118.7255,,,5796840.1230,,-1.8925
2026-03-11,3.6400,,0.5520,838186.0000,6646344.0000,,3.6400,0.5700,119.2885,,,5808157.4480,,-1.6751
2026-03-12,3.6500,,0.1370,838186.0000,6646344.0000,,3.6400,0.5100,119.8227,,,5808157.4480,,-1.6751
2026-03-13,3.6500,,0.4270,838186.0000,6646344.0000,,3.6400,0.5500,120.5518,,,5808157.4480,,-1.6751
2026-03-14,3.6500,,0.4270,838186.0000,6646344.0000,,3.6400,0.5500,120.5518,,,5808157.4480,,-1.6751
2026-03-15,3.6500,,0.4270,838186.0000,6646344.0000,,3.6400,0.5500,120.5518,,,5808157.4480,,-1.6751
2026-03-16,3.7000,,0.5820,838186.0000,6646344.0000,,3.6400,0.5500,120.0970,,,5808157.4480,,-1.6751
2026-03-17,3.6500,,0.7970,838186.0000,6646344.0000,,3.6400,0.5200,119.8328,,,5808157.4480,,-1.6751
2026-03-18,3.6200,,0.6980,853052.0000,6655939.0000,,3.6400,0.5000,119.9276,,,5802886.3020,,-1.4808
2026-03-19,3.6200,,0.6370,853052.0000,6655939.0000,,3.6400,0.4600,120.1802,,,5802886.3020,,-1.4808
2026-03-20,3.6200,,0.8220,853052.0000,6655939.0000,,3.6400,0.5100,120.2757,,,5802886.3020,,-1.4808
2026-03-21,3.6200,,0.8220,853052.0000,6655939.0000,,3.6400,0.5100,120.2757,,,5802886.3020,,-1.4808
2026-03-22,3.6200,,0.8220,853052.0000,6655939.0000,,3.6400,0.5100,120.2757,,,5802886.3020,,-1.4808
2026-03-23,3.6200,,0.8570,853052.0000,6655939.0000,,3.6400,0.5100,119.9371,,,5802886.3020,,-1.4808
2026-03-24,3.6300,,1.1230,853052.0000,6655939.0000,,3.6400,0.4900,120.1295,,,5802886.3020,,-1.4808
2026-03-25,3.6400,,0.7770,874077.0000,6657161.0000,,3.6400,0.4900,120.1282,,,5783083.2230,,-1.2328
2026-03-26,3.6500,,0.8850,874077.0000,6657161.0000,,3.6400,0.4600,120.3890,,,5783083.2230,,-1.2328
2026-03-27,3.6300,,0.9920,874077.0000,6657161.0000,,3.6400,0.5600,120.8851,,,5783083.2230,,-1.2328
2026-03-28,3.6300,,0.9920,874077.0000,6657161.0000,,3.6400,0.5600,120.8851,,,5783083.2230,,-1.2328
2026-03-29,3.6300,,0.9920,874077.0000,6657161.0000,,3.6400,0.5600,120.8851,,,5783083.2230,,-1.2328
2026-03-30,3.6300,,0.7520,874077.0000,6657161.0000,,3.6400,0.5300,121.2851,,,5783083.2230,,-1.2328
2026-03-31,3.6800,,15.7820,874077.0000,6657161.0000,,3.6400,0.5100,121.0350,,,5783083.2230,,-1.2328
2026-04-01,3.6500,,2.1070,847718.0000,6675344.0000,,3.6400,0.5200,120.1198,,,5827623.8930,,-0.7155
2026-04-02,3.6600,,0.3270,847718.0000,6675344.0000,,3.6400,0.5200,120.5030,,,5827623.8930,,-0.7155
2026-04-03,3.6600,,0.3270,847718.0000,6675344.0000,,3.6400,0.5100,120.6565,,,5827623.8930,,-0.7155
2026-04-04,3.6600,,0.3270,847718.0000,6675344.0000,,3.6400,0.5100,120.6565,,,5827623.8930,,-0.7155
2026-04-05,3.6600,,0.3270,847718.0000,6675344.0000,,3.6400,0.5100,120.6565,,,5827623.8930,,-0.7155
2026-04-06,3.6500,,0.2270,847718.0000,6675344.0000,,3.6400,0.5000,120.4302,,,5827623.8930,,-0.7155
2026-04-07,3.6200,,15.3450,847718.0000,6675344.0000,,3.6400,0.5200,120.3200,,,5827623.8930,,-0.7155
2026-04-08,3.5900,,0.1770,748376.0000,6693871.0000,,3.6400,0.5000,119.0596,,,5945494.8230,,-0.4986
2026-04-09,3.5700,,0.4020,748376.0000,6693871.0000,,3.6400,0.5100,118.8998,,,5945494.8230,,-0.4986
2026-04-10,3.6100,,0.5070,748376.0000,6693871.0000,,3.6400,0.5000,118.8552,,,5945494.8230,,-0.4986
2026-04-11,3.6100,,0.5070,748376.0000,6693871.0000,,3.6400,0.5000,118.8552,,,5945494.8230,,-0.4986
2026-04-12,3.6100,,0.5070,748376.0000,6693871.0000,,3.6400,0.5000,118.8552,,,5945494.8230,,-0.4986
2026-04-13,3.6300,,0.2270,748376.0000,6693871.0000,,3.6400,0.5200,118.9916,,,5945494.8230,,-0.4986
2026-04-14,3.6600,,0.3060,748376.0000,6693871.0000,,3.6400,0.5000,118.3581,,,5945494.8230,,-0.4986
2026-04-15,3.7200,,0.2230,751354.0000,6705696.0000,,3.6400,0.5300,118.3623,,,5954341.7770,,-0.3184
2026-04-16,3.6700,,0.1580,751354.0000,6705696.0000,,3.6400,0.5400,118.3616,,,5954341.7770,,-0.3184
2026-04-17,3.6500,,0.1370,751354.0000,6705696.0000,,3.6400,0.5500,118.0795,,,5954341.7770,,-0.3184
2026-04-18,3.6500,,0.1370,751354.0000,6705696.0000,,3.6400,0.5500,118.0795,,,5954341.7770,,-0.3184
2026-04-19,3.6500,,0.1370,751354.0000,6705696.0000,,3.6400,0.5500,118.0795,,,5954341.7770,,-0.3184
2026-04-20,3.6300,,0.5030,751354.0000,6705696.0000,,3.6400,0.5400,118.0795,,,5954341.7770,,-0.3184
2026-04-21,3.6300,,0.8070,751354.0000,6705696.0000,,3.6400,0.5200,118.0795,,,5954341.7770,,-0.3184
